symbol,date,open,close,high,low,volume
TQQQ,2014-01-02,1.21888,1.20689,1.21972,1.19625,103732794
TQQQ,2014-01-03,1.20664,1.18077,1.21001,1.18006,102091150
TQQQ,2014-01-06,1.18157,1.16808,1.18533,1.15442,131746366
TQQQ,2014-01-07,1.18317,1.19827,1.20472,1.17729,96585183
TQQQ,2014-01-08,1.19992,1.20727,1.21742,1.19249,97566386
TQQQ,2014-01-09,1.22006,1.19491,1.22124,1.18303,110444329
TQQQ,2014-01-10,1.20448,1.20679,1.21079,1.17776,125509778
TQQQ,2014-01-13,1.20186,1.15322,1.21431,1.13954,181314594
TQQQ,2014-01-14,1.16531,1.21911,1.22148,1.16511,144551374
TQQQ,2014-01-15,1.23347,1.24746,1.25615,1.23059,126081939
TQQQ,2014-01-16,1.24593,1.25011,1.25479,1.23955,73964151
TQQQ,2014-01-17,1.23826,1.22788,1.24857,1.21924,88460236
TQQQ,2014-01-21,1.25129,1.25537,1.25757,1.22486,92085816
TQQQ,2014-01-22,1.26524,1.26715,1.27443,1.25456,82428953
TQQQ,2014-01-23,1.25456,1.25183,1.25456,1.22653,135072642
TQQQ,2014-01-24,1.23514,1.17776,1.2397,1.17766,155714071
TQQQ,2014-01-27,1.17917,1.14354,1.18475,1.1192,186300789
TQQQ,2014-01-28,1.12576,1.14316,1.14602,1.12115,114682971
TQQQ,2014-01-29,1.11278,1.10703,1.1376,1.09884,143464267
TQQQ,2014-01-30,1.14692,1.16546,1.17838,1.14291,121887813
TQQQ,2014-01-31,1.12754,1.1573,1.17407,1.12439,88471039
TQQQ,2014-02-03,1.1508,1.08055,1.16749,1.0688,192471321
TQQQ,2014-02-04,1.09391,1.10166,1.1138,1.08437,94955078
TQQQ,2014-02-05,1.09088,1.09151,1.10423,1.05543,113600990
TQQQ,2014-02-06,1.10263,1.13329,1.13812,1.10085,77733681
TQQQ,2014-02-07,1.15322,1.19346,1.19705,1.14354,117250265
TQQQ,2014-02-10,1.19404,1.21527,1.21696,1.19142,87147260
TQQQ,2014-02-11,1.22231,1.25694,1.26389,1.21933,122981449
TQQQ,2014-02-12,1.26445,1.2628,1.27244,1.25287,113556065
TQQQ,2014-02-13,1.23572,1.29542,1.29542,1.23539,111598795
TQQQ,2014-02-14,1.29361,1.29926,1.30882,1.2798,99385667
TQQQ,2014-02-18,1.30643,1.31947,1.32642,1.29686,72575025
TQQQ,2014-02-19,1.31172,1.29062,1.32043,1.28366,142877796
TQQQ,2014-02-20,1.29361,1.30926,1.31709,1.27803,107498676
TQQQ,2014-02-21,1.32224,1.30262,1.3276,1.29993,87862628
TQQQ,2014-02-24,1.31046,1.32546,1.34295,1.30643,104195043
TQQQ,2014-02-25,1.33073,1.32067,1.33863,1.30808,97351805
TQQQ,2014-02-26,1.33217,1.31636,1.3432,1.30165,86765377
TQQQ,2014-02-27,1.31755,1.34221,1.34631,1.31158,92150528
TQQQ,2014-02-28,1.34221,1.33539,1.3657,1.30293,143460093
TQQQ,2014-03-03,1.29936,1.30614,1.31827,1.27309,165963382
TQQQ,2014-03-04,1.35038,1.35876,1.36533,1.34736,114062179
TQQQ,2014-03-05,1.36509,1.36989,1.37626,1.35612,80644194
TQQQ,2014-03-06,1.37806,1.36475,1.38166,1.3507,97100572
TQQQ,2014-03-07,1.38009,1.34511,1.38223,1.32499,138678344
TQQQ,2014-03-10,1.34295,1.34797,1.3507,1.32259,79111311
TQQQ,2014-03-11,1.35818,1.3312,1.36856,1.31947,125448640
TQQQ,2014-03-12,1.31373,1.34621,1.34822,1.29839,114887425
TQQQ,2014-03-13,1.36116,1.28905,1.36268,1.27083,197111633
TQQQ,2014-03-14,1.27501,1.26246,1.29303,1.26088,112279023
TQQQ,2014-03-17,1.28604,1.29624,1.31516,1.28459,122358636
TQQQ,2014-03-18,1.3004,1.3427,1.34677,1.29936,118316934
TQQQ,2014-03-19,1.34462,1.32067,1.34772,1.29447,142743673
TQQQ,2014-03-20,1.30836,1.33097,1.3432,1.29993,91684071
TQQQ,2014-03-21,1.35301,1.28219,1.35612,1.27625,207614573
TQQQ,2014-03-24,1.29879,1.24991,1.30053,1.21493,278594575
TQQQ,2014-03-25,1.27002,1.26151,1.29303,1.23074,180639943
TQQQ,2014-03-26,1.28106,1.21349,1.28856,1.21253,210791121
TQQQ,2014-03-27,1.20871,1.19203,1.22421,1.17262,211422817
TQQQ,2014-03-28,1.20377,1.19968,1.2385,1.18986,174123269
TQQQ,2014-03-31,1.227,1.22366,1.24866,1.22306,169754110
TQQQ,2014-04-01,1.24329,1.29001,1.2916,1.24196,186340705
TQQQ,2014-04-02,1.30653,1.30022,1.3098,1.28201,170657961
TQQQ,2014-04-03,1.30413,1.26956,1.30951,1.24654,167194498
TQQQ,2014-04-04,1.29207,1.16878,1.29752,1.15744,387972870
TQQQ,2014-04-07,1.14555,1.13374,1.1768,1.10981,327148422
TQQQ,2014-04-08,1.13837,1.16546,1.16941,1.12535,254569096
TQQQ,2014-04-09,1.17776,1.2251,1.22653,1.16878,232387804
TQQQ,2014-04-10,1.22739,1.11201,1.22759,1.10166,337427204
TQQQ,2014-04-11,1.08314,1.07321,1.12376,1.06539,221676904
TQQQ,2014-04-14,1.09965,1.09726,1.11419,1.06723,294363703
TQQQ,2014-04-15,1.10823,1.10823,1.12654,1.03911,588016205
TQQQ,2014-04-16,1.13666,1.1513,1.15193,1.10962,263181364
TQQQ,2014-04-17,1.13989,1.15193,1.1696,1.13013,184829553
TQQQ,2014-04-21,1.16098,1.17804,1.17824,1.14452,151052728
TQQQ,2014-04-22,1.18906,1.20679,1.21465,1.18445,157314914
TQQQ,2014-04-23,1.20592,1.17407,1.20689,1.17238,136957328
TQQQ,2014-04-24,1.23274,1.20857,1.23299,1.1699,262351759
TQQQ,2014-04-25,1.18628,1.15036,1.19049,1.14172,256115672
TQQQ,2014-04-28,1.16567,1.1627,1.18628,1.10703,504264223
TQQQ,2014-04-29,1.1718,1.18831,1.19501,1.15489,254881501
TQQQ,2014-04-30,1.17359,1.19876,1.20151,1.16305,192617542
TQQQ,2014-05-01,1.20289,1.20953,1.22891,1.19491,150409143
TQQQ,2014-05-02,1.22148,1.20353,1.22759,1.19386,158996724
TQQQ,2014-05-05,1.18101,1.22068,1.22148,1.17229,121169181
TQQQ,2014-05-06,1.21512,1.17359,1.21705,1.17238,169078541
TQQQ,2014-05-07,1.18243,1.16305,1.18425,1.12199,273999447
TQQQ,2014-05-08,1.15153,1.15906,1.20151,1.14316,229334785
TQQQ,2014-05-09,1.15793,1.17262,1.17501,1.13492,163664086
TQQQ,2014-05-12,1.19386,1.22949,1.23122,1.19049,133580467
TQQQ,2014-05-13,1.23395,1.23218,1.24674,1.22548,123101764
TQQQ,2014-05-14,1.22213,1.21396,1.23572,1.20506,103208372
TQQQ,2014-05-15,1.21253,1.18589,1.21911,1.16223,210830227
TQQQ,2014-05-16,1.18846,1.20799,1.21032,1.16546,149528327
TQQQ,2014-05-19,1.19729,1.23372,1.23875,1.19142,126136958
TQQQ,2014-05-20,1.23155,1.2203,1.24499,1.20472,169835269
TQQQ,2014-05-21,1.22593,1.25469,1.25636,1.22421,129324192
TQQQ,2014-05-22,1.25805,1.27021,1.28162,1.25296,132318126
TQQQ,2014-05-23,1.27562,1.29879,1.29936,1.26715,99536363
TQQQ,2014-05-27,1.31685,1.3475,1.34797,1.31287,123884590
TQQQ,2014-05-28,1.34621,1.3348,1.35214,1.33183,123923137
TQQQ,2014-05-29,1.34975,1.36188,1.36188,1.34143,91492884
TQQQ,2014-05-30,1.36188,1.36067,1.36777,1.33983,118596820
TQQQ,2014-06-02,1.36619,1.3573,1.36692,1.33097,106020953
TQQQ,2014-06-03,1.34345,1.3554,1.36174,1.33863,99493092
TQQQ,2014-06-04,1.34462,1.3698,1.3765,1.33839,110286411
TQQQ,2014-06-05,1.37409,1.40547,1.41251,1.35995,184258536
TQQQ,2014-06-06,1.42191,1.42814,1.42942,1.41202,82874621
TQQQ,2014-06-09,1.43026,1.42544,1.43628,1.4141,129854041
TQQQ,2014-06-10,1.42144,1.43359,1.43479,1.41683,76197533
TQQQ,2014-06-11,1.41743,1.43148,1.43806,1.41442,101552360
TQQQ,2014-06-12,1.42285,1.39412,1.42736,1.37806,126702748
TQQQ,2014-06-13,1.41183,1.40356,1.41568,1.38751,75342832
TQQQ,2014-06-16,1.39923,1.40868,1.42094,1.38884,94125573
TQQQ,2014-06-17,1.40667,1.4106,1.42248,1.39876,100065762
TQQQ,2014-06-18,1.4165,1.43648,1.44054,1.39047,120103246
TQQQ,2014-06-19,1.44166,1.43087,1.44415,1.41291,110843519
TQQQ,2014-06-20,1.43412,1.43604,1.44142,1.42583,59211849
TQQQ,2014-06-23,1.43479,1.43772,1.439,1.42544,72610399
TQQQ,2014-06-24,1.43772,1.43359,1.47364,1.42129,167652372
TQQQ,2014-06-25,1.42401,1.45995,1.46791,1.42305,88411303
TQQQ,2014-06-26,1.46406,1.46406,1.46406,1.42904,91609124
TQQQ,2014-06-27,1.45832,1.47863,1.48276,1.45746,77253975
TQQQ,2014-06-30,1.48036,1.48956,1.50106,1.47757,56956568
TQQQ,2014-07-01,1.50439,1.53939,1.55041,1.50345,69132943
TQQQ,2014-07-02,1.54131,1.54522,1.55329,1.53721,85794727
TQQQ,2014-07-03,1.56086,1.57508,1.57508,1.54872,67607098
TQQQ,2014-07-07,1.56923,1.55989,1.5758,1.55242,92076240
TQQQ,2014-07-08,1.55242,1.50562,1.55522,1.48582,158855879
TQQQ,2014-07-09,1.51663,1.53964,1.5425,1.50383,143282004
TQQQ,2014-07-10,1.48036,1.525,1.54188,1.47382,128910734
TQQQ,2014-07-11,1.53402,1.55146,1.55232,1.52108,127319534
TQQQ,2014-07-14,1.57303,1.58115,1.59066,1.56525,112019475
TQQQ,2014-07-15,1.58776,1.56468,1.5945,1.53018,155422088
TQQQ,2014-07-16,1.59809,1.58241,1.60261,1.57761,111512551
TQQQ,2014-07-17,1.56908,1.51927,1.58634,1.50439,168705149
TQQQ,2014-07-18,1.54307,1.59104,1.59342,1.53756,122363545
TQQQ,2014-07-21,1.58003,1.58538,1.59294,1.56359,99277258
TQQQ,2014-07-22,1.60847,1.61677,1.62275,1.60251,112399446
TQQQ,2014-07-23,1.63161,1.64719,1.65205,1.62395,107171202
TQQQ,2014-07-24,1.65533,1.64134,1.66099,1.63414,91593771
TQQQ,2014-07-25,1.61738,1.62122,1.62839,1.59631,97130803
TQQQ,2014-07-28,1.62634,1.62322,1.63521,1.58578,96191161
TQQQ,2014-07-29,1.63339,1.61498,1.64423,1.61068,82898967
TQQQ,2014-07-30,1.64119,1.63434,1.65055,1.61485,112665372
TQQQ,2014-07-31,1.59329,1.53484,1.60081,1.52731,145364565
TQQQ,2014-08-01,1.5249,1.5171,1.54994,1.48701,180358697
TQQQ,2014-08-04,1.52731,1.54801,1.56599,1.51014,150837195
TQQQ,2014-08-05,1.53068,1.51198,1.5425,1.49156,175200141
TQQQ,2014-08-06,1.4839,1.50943,1.53643,1.48021,124784717
TQQQ,2014-08-07,1.52883,1.49492,1.53842,1.47878,160838956
TQQQ,2014-08-08,1.5026,1.52656,1.53161,1.48237,130209074
TQQQ,2014-08-11,1.54345,1.55423,1.56803,1.54131,77801799
TQQQ,2014-08-12,1.54872,1.55063,1.56383,1.52797,95115751
TQQQ,2014-08-13,1.57147,1.60111,1.60224,1.56823,85027872
TQQQ,2014-08-14,1.60647,1.62572,1.62634,1.60111,107797789
TQQQ,2014-08-15,1.65205,1.64791,1.6607,1.60261,163172842
TQQQ,2014-08-18,1.67351,1.6878,1.69198,1.66818,83014113
TQQQ,2014-08-19,1.69952,1.71689,1.71848,1.69654,82389146
TQQQ,2014-08-20,1.71117,1.71689,1.72586,1.70706,74014085
TQQQ,2014-08-21,1.71954,1.72671,1.72792,1.71033,71027481
TQQQ,2014-08-22,1.72719,1.73344,1.74683,1.71665,80396544
TQQQ,2014-08-25,1.7592,1.75283,1.76696,1.74003,71107788
TQQQ,2014-08-26,1.76073,1.75881,1.76337,1.74579,43651282
TQQQ,2014-08-27,1.76001,1.7589,1.76458,1.74721,38404170
TQQQ,2014-08-28,1.74147,1.75173,1.75833,1.73437,67876731
TQQQ,2014-08-29,1.764,1.77224,1.77224,1.74514,54682827
TQQQ,2014-09-02,1.78507,1.78699,1.78842,1.76552,67262709
TQQQ,2014-09-03,1.80003,1.75641,1.80122,1.74599,86451620
TQQQ,2014-09-04,1.76815,1.75076,1.79466,1.73735,85863496
TQQQ,2014-09-05,1.7592,1.77789,1.77943,1.73149,87064089
TQQQ,2014-09-08,1.77739,1.78684,1.80013,1.76218,74164815
TQQQ,2014-09-09,1.78661,1.74339,1.80721,1.73223,135342334
TQQQ,2014-09-10,1.74961,1.78381,1.78699,1.73437,75749252
TQQQ,2014-09-11,1.76194,1.7824,1.78335,1.74156,124804596
TQQQ,2014-09-12,1.77663,1.75442,1.77759,1.73701,118977191
TQQQ,2014-09-15,1.7592,1.70157,1.76015,1.68672,134402341
TQQQ,2014-09-16,1.6836,1.74754,1.75641,1.6781,132762851
TQQQ,2014-09-17,1.74579,1.75617,1.77854,1.72443,118777730
TQQQ,2014-09-18,1.77104,1.79403,1.79466,1.76552,83217106
TQQQ,2014-09-19,1.81718,1.78995,1.81831,1.76936,115286056
TQQQ,2014-09-22,1.77789,1.74147,1.77789,1.7181,113255399
TQQQ,2014-09-23,1.71962,1.72626,1.74995,1.71523,105436044
TQQQ,2014-09-24,1.73031,1.7822,1.78363,1.71425,121949352
TQQQ,2014-09-25,1.7637,1.66914,1.7709,1.66754,222679070
TQQQ,2014-09-26,1.68609,1.72242,1.73078,1.67777,155093011
TQQQ,2014-09-29,1.67066,1.71665,1.72951,1.66788,119864779
TQQQ,2014-09-30,1.73078,1.72312,1.74961,1.69893,161310681
TQQQ,2014-10-01,1.70946,1.64057,1.71282,1.62443,223350724
TQQQ,2014-10-02,1.63879,1.63977,1.65495,1.57747,228109898
TQQQ,2014-10-03,1.66729,1.68911,1.70853,1.65149,160742477
TQQQ,2014-10-06,1.70254,1.67777,1.71607,1.66213,154092289
TQQQ,2014-10-07,1.65332,1.60657,1.66769,1.60525,169967381
TQQQ,2014-10-08,1.60982,1.69952,1.71425,1.57989,222963573
TQQQ,2014-10-09,1.69294,1.61485,1.70492,1.60798,233031840
TQQQ,2014-10-10,1.58719,1.49423,1.61498,1.49423,310148687
TQQQ,2014-10-13,1.48802,1.42401,1.52128,1.42129,285880968
TQQQ,2014-10-14,1.45209,1.4267,1.47987,1.41291,387957157
TQQQ,2014-10-15,1.3638,1.39621,1.4152,1.29959,507465668
TQQQ,2014-10-16,1.30891,1.37457,1.40692,1.30759,351611253
TQQQ,2014-10-17,1.42592,1.42833,1.46463,1.40164,276490532
TQQQ,2014-10-20,1.42305,1.48995,1.49253,1.4165,161734274
TQQQ,2014-10-21,1.54322,1.60622,1.60622,1.53364,221558493
TQQQ,2014-10-22,1.62122,1.58145,1.62745,1.57817,196742398
TQQQ,2014-10-23,1.62923,1.65381,1.67889,1.62057,177897876
TQQQ,2014-10-24,1.6607,1.69174,1.69567,1.64311,178422649
TQQQ,2014-10-27,1.68272,1.69806,1.70527,1.66194,144722884
TQQQ,2014-10-28,1.71881,1.77405,1.77405,1.71607,167029667
TQQQ,2014-10-29,1.75584,1.75283,1.76936,1.71594,187819580
TQQQ,2014-10-30,1.73031,1.7637,1.77608,1.71786,169436271
TQQQ,2014-10-31,1.85273,1.83652,1.85521,1.8192,184581034
TQQQ,2014-11-03,1.84592,1.8555,1.86796,1.83894,147594592
TQQQ,2014-11-04,1.83475,1.83573,1.84928,1.79706,144903327
TQQQ,2014-11-05,1.86941,1.83548,1.87141,1.81622,145066413
TQQQ,2014-11-06,1.83451,1.85129,1.85368,1.81115,101735374
TQQQ,2014-11-07,1.8622,1.84675,1.86421,1.81896,115891704
TQQQ,2014-11-10,1.84928,1.86543,1.8738,1.83489,108124194
TQQQ,2014-11-11,1.86816,1.88299,1.88329,1.85283,110459482
TQQQ,2014-11-12,1.86172,1.89347,1.89944,1.8611,100622711
TQQQ,2014-11-13,1.90485,1.91779,1.93935,1.89162,190520771
TQQQ,2014-11-14,1.91682,1.93552,1.93552,1.89766,119981028
TQQQ,2014-11-17,1.92038,1.91742,1.93513,1.89106,147850040
TQQQ,2014-11-18,1.92338,1.96043,1.96877,1.92314,116934947
TQQQ,2014-11-19,1.95478,1.93552,1.95478,1.90792,155575238
TQQQ,2014-11-20,1.90973,1.9611,1.96523,1.90494,103944770
TQQQ,2014-11-21,2.01237,1.97537,2.01801,1.95334,159963608
TQQQ,2014-11-24,1.98841,2.01992,2.0208,1.98281,131829637
TQQQ,2014-11-25,2.02713,2.02655,2.04524,2.01179,157980540
TQQQ,2014-11-26,2.03312,2.06794,2.07013,2.02655,110379926
TQQQ,2014-11-28,2.08533,2.09889,2.10962,2.07957,75911127
TQQQ,2014-12-01,2.07957,2.02137,2.0898,2.00038,163301680
TQQQ,2014-12-02,2.03132,2.04318,2.05835,2.01696,135724509
TQQQ,2014-12-03,2.05756,2.06161,2.06714,2.02097,137995895
TQQQ,2014-12-04,2.05241,2.05538,2.08021,2.03058,160901647
TQQQ,2014-12-05,2.06761,2.05684,2.07552,2.04332,118830127
TQQQ,2014-12-08,2.03997,2.01237,2.06714,1.98007,176907331
TQQQ,2014-12-09,1.94087,2.03191,2.03487,1.92038,178525999
TQQQ,2014-12-10,2.01992,1.93358,2.03477,1.92459,140282192
TQQQ,2014-12-11,1.95151,1.9638,2.03152,1.95046,142207545
TQQQ,2014-12-12,1.90638,1.89863,1.97298,1.89824,160796486
TQQQ,2014-12-15,1.92833,1.84208,1.9483,1.82309,246688794
TQQQ,2014-12-16,1.80378,1.75056,1.88578,1.7498,221842294
TQQQ,2014-12-17,1.75403,1.84466,1.8611,1.74779,191027586
TQQQ,2014-12-18,1.92674,1.97969,1.97969,1.90997,195258255
TQQQ,2014-12-19,1.98569,2.00182,2.02914,1.97178,161923859
TQQQ,2014-12-22,1.9956,2.02042,2.02195,1.99224,115336608
TQQQ,2014-12-23,2.04269,2.00101,2.04294,1.99119,121218121
TQQQ,2014-12-24,2.00738,2.00519,2.02615,2.00157,45995654
TQQQ,2014-12-26,2.01992,2.04582,2.05817,2.01983,90033528
TQQQ,2014-12-29,2.04207,2.04614,2.05741,2.036,65082267
TQQQ,2014-12-30,2.02531,2.00404,2.04078,1.99478,129533848
TQQQ,2014-12-31,2.01217,1.94126,2.03694,1.93252,122437833
TQQQ,2015-01-02,1.96953,1.9253,1.99463,1.8956,127823184
TQQQ,2015-01-05,1.89728,1.83884,1.90439,1.82292,132701103
TQQQ,2015-01-06,1.84542,1.7659,1.85608,1.74051,176350582
TQQQ,2015-01-07,1.79944,1.8338,1.84562,1.78731,143661024
TQQQ,2015-01-08,1.8809,1.93824,1.94928,1.87454,151422063
TQQQ,2015-01-09,1.95642,1.89897,1.95852,1.86672,189730824
TQQQ,2015-01-12,1.91223,1.84084,1.91668,1.82565,172707987
TQQQ,2015-01-13,1.89248,1.83921,1.95181,1.79485,208777128
TQQQ,2015-01-14,1.78073,1.81095,1.83538,1.75987,225756985
TQQQ,2015-01-15,1.83163,1.73894,1.8418,1.73127,204815642
TQQQ,2015-01-16,1.73031,1.80089,1.80528,1.72169,148083440
TQQQ,2015-01-20,1.83125,1.84084,1.85417,1.76983,169742915
TQQQ,2015-01-21,1.82359,1.86893,1.89393,1.80568,165348450
TQQQ,2015-01-22,1.89238,1.97288,1.978,1.84242,203055487
TQQQ,2015-01-23,1.97227,1.98603,2.00374,1.9549,165944656
TQQQ,2015-01-26,1.98007,1.9816,1.98999,1.94864,105300968
TQQQ,2015-01-27,1.88732,1.82838,1.88856,1.80568,234119857
TQQQ,2015-01-28,1.91223,1.79692,1.91826,1.79571,214871820
TQQQ,2015-01-29,1.79068,1.84898,1.85793,1.74514,184485916
TQQQ,2015-01-30,1.84256,1.80649,1.88529,1.79811,228139561
TQQQ,2015-02-02,1.81622,1.85407,1.85664,1.73272,207608203
TQQQ,2015-02-03,1.86941,1.90439,1.90887,1.83643,190655438
TQQQ,2015-02-04,1.88053,1.8993,1.93786,1.86893,130298807
TQQQ,2015-02-05,1.91283,1.94989,1.95239,1.90112,104909158
TQQQ,2015-02-06,1.95884,1.91429,1.97107,1.89297,129187614
TQQQ,2015-02-09,1.8913,1.89322,1.92147,1.88146,100161932
TQQQ,2015-02-10,1.92803,1.9839,1.99109,1.91751,124657732
TQQQ,2015-02-11,1.9906,2.00613,2.0184,1.97883,127337550
TQQQ,2015-02-12,2.04231,2.07637,2.0772,2.03536,160075098
TQQQ,2015-02-13,2.09285,2.1288,2.12927,2.08173,126340393
TQQQ,2015-02-17,2.12846,2.13458,2.13819,2.11312,86486001
TQQQ,2015-02-18,2.1275,2.14365,2.14632,2.11767,73699819
TQQQ,2015-02-19,2.13853,2.17602,2.17924,2.13755,79044654
TQQQ,2015-02-20,2.17085,2.2178,2.2222,2.15025,94932945
TQQQ,2015-02-23,2.21661,2.22643,2.22653,2.20066,82568596
TQQQ,2015-02-24,2.21684,2.23098,2.23752,2.19672,109366698
TQQQ,2015-02-25,2.21947,2.21325,2.24561,2.19864,117694881
TQQQ,2015-02-26,2.21961,2.2468,2.24953,2.20128,121649287
TQQQ,2015-02-27,2.24454,2.21722,2.24807,2.20641,92827291
TQQQ,2015-03-02,2.23003,2.27675,2.27867,2.22796,93124642
TQQQ,2015-03-03,2.25701,2.24415,2.2631,2.20214,134267975
TQQQ,2015-03-04,2.22308,2.21947,2.23194,2.18198,121979166
TQQQ,2015-03-05,2.23578,2.22897,2.24991,2.20335,96573336
TQQQ,2015-03-06,2.22283,2.15254,2.23481,2.13731,156586547
TQQQ,2015-03-09,2.16701,2.17324,2.18858,2.14059,118455174
TQQQ,2015-03-10,2.12525,2.05275,2.12667,2.05178,200756892
TQQQ,2015-03-11,2.05835,2.01681,2.06794,2.01394,233376379
TQQQ,2015-03-12,2.01097,2.05538,2.0628,2.00738,127993032
TQQQ,2015-03-13,2.04997,2.02894,2.07432,1.99045,207192440
TQQQ,2015-03-16,2.05146,2.10665,2.10772,2.04459,120222208
TQQQ,2015-03-17,2.08855,2.11855,2.12667,2.07479,101819146
TQQQ,2015-03-18,2.10034,2.17947,2.20764,2.0668,175511694
TQQQ,2015-03-19,2.18665,2.19003,2.20631,2.1765,116487367
TQQQ,2015-03-20,2.24201,2.23515,2.26358,2.23036,109615117
TQQQ,2015-03-23,2.22824,2.21661,2.24598,2.21647,103781935
TQQQ,2015-03-24,2.21628,2.19409,2.24775,2.19299,97240974
TQQQ,2015-03-25,2.20574,2.04109,2.20928,2.04109,183921787
TQQQ,2015-03-26,1.99384,2.02434,2.05659,1.97251,205540444
TQQQ,2015-03-27,2.02112,2.04381,2.06043,2.01202,103043791
TQQQ,2015-03-30,2.08619,2.11744,2.12151,2.08375,158121935
TQQQ,2015-03-31,2.09826,2.05178,2.11166,2.0478,130199674
TQQQ,2015-04-01,2.04906,2.01715,2.04906,1.97729,183911751
TQQQ,2015-04-02,2.02112,2.02051,2.04016,2.00123,115627481
TQQQ,2015-04-06,1.98399,2.0692,2.08677,1.97561,157845865
TQQQ,2015-04-07,2.0668,2.05959,2.1119,2.05931,119916775
TQQQ,2015-04-08,2.06472,2.10865,2.1168,2.06043,176869494
TQQQ,2015-04-09,2.10665,2.14785,2.14955,2.08375,115948726
TQQQ,2015-04-10,2.14745,2.17359,2.17445,2.13168,118563850
TQQQ,2015-04-13,2.17947,2.15745,2.21182,2.14992,120466219
TQQQ,2015-04-14,2.15048,2.13886,2.16884,2.10244,176693810
TQQQ,2015-04-15,2.15735,2.17684,2.19241,2.14775,99680072
TQQQ,2015-04-16,2.16165,2.16931,2.18081,2.15194,95043066
TQQQ,2015-04-17,2.10753,2.06775,2.12525,2.04054,194949458
TQQQ,2015-04-20,2.09971,2.16032,2.17143,2.09635,148694957
TQQQ,2015-04-21,2.19864,2.188,2.20909,2.18081,133201798
TQQQ,2015-04-22,2.20583,2.22346,2.23418,2.16309,127488739
TQQQ,2015-04-23,2.20335,2.24991,2.27867,2.20007,136990164
TQQQ,2015-04-24,2.31937,2.33808,2.34957,2.30932,148926353
TQQQ,2015-04-27,2.36826,2.32321,2.37926,2.30765,168522185
TQQQ,2015-04-28,2.32728,2.30788,2.34095,2.25016,179603221
TQQQ,2015-04-29,2.26931,2.2639,2.30981,2.22739,202814899
TQQQ,2015-04-30,2.22618,2.15767,2.25412,2.12399,322257153
TQQQ,2015-05-01,2.18245,2.24473,2.2468,2.18163,198693950
TQQQ,2015-05-04,2.26451,2.25278,2.29566,2.25016,137999059
TQQQ,2015-05-05,2.22739,2.14608,2.23976,2.14068,293520933
TQQQ,2015-05-06,2.15504,2.10034,2.17359,2.05625,223065370
TQQQ,2015-05-07,2.09812,2.13635,2.15409,2.09275,176319416
TQQQ,2015-05-08,2.20335,2.2147,2.23017,2.1928,186526867
TQQQ,2015-05-11,2.22077,2.19041,2.23433,2.18608,145382641
TQQQ,2015-05-12,2.15073,2.1621,2.19375,2.1021,199035584
TQQQ,2015-05-13,2.18915,2.17324,2.22258,2.16423,138556217
TQQQ,2015-05-14,2.22739,2.26931,2.27387,2.20272,184910612
TQQQ,2015-05-15,2.28849,2.26906,2.29542,2.25193,153141768
TQQQ,2015-05-18,2.25796,2.29708,2.31122,2.2523,115600080
TQQQ,2015-05-19,2.30619,2.29063,2.31577,2.27961,103084884
TQQQ,2015-05-20,2.29566,2.29423,2.33544,2.25852,116345262
TQQQ,2015-05-21,2.28249,2.3304,2.33901,2.27265,96438219
TQQQ,2015-05-22,2.32224,2.32391,2.34813,2.31769,83463004
TQQQ,2015-05-26,2.30742,2.2433,2.317,2.2159,146824965
TQQQ,2015-05-27,2.26295,2.35147,2.35843,2.24895,140423446
TQQQ,2015-05-28,2.33712,2.33423,2.35365,2.31364,94763639
TQQQ,2015-05-29,2.32992,2.2947,2.34022,2.27746,110904207
TQQQ,2015-06-01,2.33062,2.31482,2.33473,2.25997,143427624
TQQQ,2015-06-02,2.29063,2.29351,2.32801,2.25652,137407721
TQQQ,2015-06-03,2.32753,2.31386,2.34047,2.29781,122413738
TQQQ,2015-06-04,2.27568,2.26334,2.31937,2.24031,194191527
TQQQ,2015-06-05,2.25335,2.24617,2.26931,2.20487,144925869
TQQQ,2015-06-08,2.24295,2.17766,2.24712,2.1639,151019450
TQQQ,2015-06-09,2.16165,2.16691,2.18963,2.11729,159992687
TQQQ,2015-06-10,2.188,2.25254,2.27354,2.18125,161825310
TQQQ,2015-06-11,2.27817,2.26486,2.29566,2.25254,122433976
TQQQ,2015-06-12,2.22777,2.20749,2.24216,2.20007,126374072
TQQQ,2015-06-15,2.15925,2.17708,2.18618,2.12151,210062954
TQQQ,2015-06-16,2.1675,2.21022,2.22165,2.16568,105894819
TQQQ,2015-06-17,2.22248,2.22858,2.25052,2.18665,176081442
TQQQ,2015-06-18,2.24741,2.32273,2.33712,2.24598,170058124
TQQQ,2015-06-19,2.32944,2.28752,2.33566,2.28752,88497488
TQQQ,2015-06-22,2.34261,2.34261,2.36346,2.32704,137738050
TQQQ,2015-06-23,2.351,2.3486,2.35483,2.31866,120159275
TQQQ,2015-06-24,2.33949,2.31243,2.36921,2.31029,88778576
TQQQ,2015-06-25,2.33854,2.29732,2.34548,2.28631,89094796
TQQQ,2015-06-26,2.29542,2.25461,2.31219,2.22643,137928787
TQQQ,2015-06-29,2.17526,2.09524,2.21541,2.09092,286252807
TQQQ,2015-06-30,2.13886,2.1192,2.15264,2.09573,184876331
TQQQ,2015-07-01,2.1766,2.16272,2.19041,2.13579,148098142
TQQQ,2015-07-02,2.18227,2.17085,2.18915,2.14716,110347049
TQQQ,2015-07-06,2.12604,2.15254,2.18858,2.1119,137833419
TQQQ,2015-07-07,2.15864,2.16343,2.17359,2.0403,261768052
TQQQ,2015-07-08,2.12046,2.05499,2.12871,2.04255,193333211
TQQQ,2015-07-09,2.1379,2.04906,2.1401,2.04906,130981899
TQQQ,2015-07-10,2.12782,2.14426,2.1676,2.10952,128893828
TQQQ,2015-07-13,2.19855,2.25375,2.26235,2.19807,109649339
TQQQ,2015-07-14,2.26655,2.29902,2.31914,2.26295,106868733
TQQQ,2015-07-15,2.31219,2.31005,2.33473,2.28873,124528083
TQQQ,2015-07-16,2.36585,2.40033,2.40656,2.35147,146060264
TQQQ,2015-07-17,2.46407,2.51008,2.51031,2.45234,149880046
TQQQ,2015-07-20,2.53089,2.5381,2.56564,2.50527,100268045
TQQQ,2015-07-21,2.54169,2.53113,2.55223,2.51101,91403735
TQQQ,2015-07-22,2.41711,2.44827,2.48347,2.41711,113338629
TQQQ,2015-07-23,2.45544,2.41879,2.47796,2.40081,101206677
TQQQ,2015-07-24,2.4569,2.35006,2.46214,2.33854,111335874
TQQQ,2015-07-27,2.30834,2.28968,2.33854,2.27505,126133134
TQQQ,2015-07-28,2.32224,2.35006,2.36299,2.26572,162709691
TQQQ,2015-07-29,2.36392,2.37639,2.39125,2.33712,127297651
TQQQ,2015-07-30,2.35938,2.40945,2.42097,2.317,143304596
TQQQ,2015-07-31,2.43148,2.40228,2.43557,2.3855,114021261
TQQQ,2015-08-03,2.40371,2.37999,2.4219,2.33087,154454394
TQQQ,2015-08-04,2.37302,2.36466,2.38717,2.33448,147807019
TQQQ,2015-08-05,2.40394,2.41998,2.46599,2.39603,133230610
TQQQ,2015-08-06,2.42479,2.30382,2.43534,2.27052,183172539
TQQQ,2015-08-07,2.28607,2.2947,2.31029,2.23676,167493202
TQQQ,2015-08-10,2.33783,2.37209,2.38741,2.33783,139916481
TQQQ,2015-08-11,2.33374,2.28152,2.36225,2.24274,181002541
TQQQ,2015-08-12,2.23554,2.3019,2.31842,2.16151,234597902
TQQQ,2015-08-13,2.31099,2.29158,2.34381,2.27817,147089246
TQQQ,2015-08-14,2.27626,2.30382,2.31315,2.26358,152650766
TQQQ,2015-08-17,2.28607,2.36058,2.36225,2.26906,131082293
TQQQ,2015-08-18,2.34716,2.32273,2.35675,2.31553,113981112
TQQQ,2015-08-19,2.30117,2.27913,2.33949,2.23841,246283125
TQQQ,2015-08-20,2.21541,2.09156,2.23661,2.08806,313729142
TQQQ,2015-08-21,2.00222,1.83139,2.05299,1.83139,397674015
TQQQ,2015-08-24,1.4953,1.61421,1.82265,1.30087,410597534
TQQQ,2015-08-25,1.78316,1.59294,1.8156,1.58588,302907269
TQQQ,2015-08-26,1.72912,1.82299,1.83643,1.62705,298048452
TQQQ,2015-08-27,1.90854,1.96532,1.96925,1.83955,508166625
TQQQ,2015-08-28,1.93403,1.96365,1.98424,1.92123,223881433
TQQQ,2015-08-31,1.9314,1.89068,1.96325,1.87667,216322176
TQQQ,2015-09-01,1.74886,1.7193,1.83558,1.68992,328205165
TQQQ,2015-09-02,1.80663,1.85919,1.85919,1.74706,188519578
TQQQ,2015-09-03,1.88185,1.82867,1.91812,1.81546,233428383
TQQQ,2015-09-04,1.75523,1.76744,1.80183,1.7351,292426712
TQQQ,2015-09-08,1.86748,1.91732,1.92147,1.84552,235651981
TQQQ,2015-09-09,1.98306,1.85081,1.98399,1.83538,294143353
TQQQ,2015-09-10,1.84313,1.90973,1.94702,1.83652,258427826
TQQQ,2015-09-11,1.88411,1.94065,1.94065,1.86767,198387766
TQQQ,2015-09-14,1.96235,1.92324,1.96292,1.90207,184739953
TQQQ,2015-09-15,1.93763,1.99045,2.00998,1.91643,159627760
TQQQ,2015-09-16,1.99444,2.02377,2.03117,1.97227,146833255
TQQQ,2015-09-17,2.02162,2.02942,2.11887,2.00222,253439126
TQQQ,2015-09-18,1.93619,1.94337,2.01266,1.93187,284787139
TQQQ,2015-09-21,1.97308,1.95994,2.00738,1.90743,209465647
TQQQ,2015-09-22,1.86927,1.87341,1.89059,1.81861,296768512
TQQQ,2015-09-23,1.88649,1.87642,1.90135,1.847,233989499
TQQQ,2015-09-24,1.82119,1.85502,1.87628,1.77309,307010193
TQQQ,2015-09-25,1.91765,1.80984,1.92028,1.77368,296793609
TQQQ,2015-09-28,1.7847,1.65381,1.78794,1.63785,376494847
TQQQ,2015-09-29,1.66578,1.62923,1.71626,1.59208,382470167
TQQQ,2015-09-30,1.69701,1.73716,1.74529,1.67747,349126128
TQQQ,2015-10-01,1.74804,1.76145,1.76264,1.67918,229287356
TQQQ,2015-10-02,1.69056,1.85294,1.85511,1.67351,331914525
TQQQ,2015-10-05,1.89595,1.93728,1.94928,1.88377,217489198
TQQQ,2015-10-06,1.92304,1.9095,1.94001,1.86143,240636281
TQQQ,2015-10-07,1.94367,1.94031,1.95371,1.86796,264679317
TQQQ,2015-10-08,1.91942,1.9639,1.97433,1.86288,305216200
TQQQ,2015-10-09,1.9665,1.98782,2.00222,1.95109,183183927
TQQQ,2015-10-12,2.00307,2.00461,2.01633,1.98086,159407819
TQQQ,2015-10-13,1.97024,1.96532,2.03152,1.96029,222696845
TQQQ,2015-10-14,1.96589,1.95691,1.9956,1.93169,191711938
TQQQ,2015-10-15,1.978,2.0526,2.05299,1.97048,224378346
TQQQ,2015-10-16,2.06617,2.07814,2.08197,2.03615,138701779
TQQQ,2015-10-19,2.06856,2.11551,2.11887,2.05693,171101066
TQQQ,2015-10-20,2.10272,2.0803,2.1168,2.06043,129257084
TQQQ,2015-10-21,2.11312,2.04677,2.11911,2.04091,184559252
TQQQ,2015-10-22,2.09812,2.16823,2.17349,2.08055,271621187
TQQQ,2015-10-23,2.34309,2.3486,2.37688,2.30788,213385806
TQQQ,2015-10-26,2.34548,2.35531,2.36826,2.31889,125365168
TQQQ,2015-10-27,2.33613,2.37064,2.37926,2.33423,109237759
TQQQ,2015-10-28,2.38168,2.42574,2.42742,2.32273,218510650
TQQQ,2015-10-29,2.39436,2.41662,2.42861,2.38741,104388994
TQQQ,2015-10-30,2.41998,2.38382,2.43245,2.38359,125555905
TQQQ,2015-11-02,2.40155,2.46502,2.47317,2.38813,115653128
TQQQ,2015-11-03,2.44993,2.48852,2.51726,2.43867,129270284
TQQQ,2015-11-04,2.51344,2.4897,2.52013,2.45976,152494961
TQQQ,2015-11-05,2.49713,2.46767,2.51532,2.43173,148750677
TQQQ,2015-11-06,2.45736,2.47605,2.48371,2.40848,142476394
TQQQ,2015-11-09,2.44727,2.39603,2.45713,2.35051,158234277
TQQQ,2015-11-10,2.3577,2.37926,2.38405,2.33687,103229502
TQQQ,2015-11-11,2.39745,2.36874,2.43148,2.35675,105438047
TQQQ,2015-11-12,2.33808,2.29973,2.37376,2.2947,144228167
TQQQ,2015-11-13,2.27088,2.16463,2.27746,2.16089,206730058
TQQQ,2015-11-16,2.15745,2.25471,2.25821,2.14234,194025887
TQQQ,2015-11-17,2.2685,2.26245,2.31029,2.24415,231536050
TQQQ,2015-11-18,2.28824,2.3922,2.39891,2.282,205249329
TQQQ,2015-11-19,2.39653,2.39603,2.42933,2.38359,108710715
TQQQ,2015-11-20,2.42933,2.44346,2.45065,2.42335,106657767
TQQQ,2015-11-23,2.44659,2.42383,2.47462,2.39292,118036815
TQQQ,2015-11-24,2.37688,2.41614,2.43435,2.33949,138495989
TQQQ,2015-11-25,2.42574,2.42145,2.43699,2.40848,58536539
TQQQ,2015-11-27,2.43892,2.43053,2.44827,2.40848,28485246
TQQQ,2015-11-30,2.45473,2.41498,2.45497,2.39125,97537474
TQQQ,2015-12-01,2.44202,2.48683,2.48683,2.43435,122393367
TQQQ,2015-12-02,2.49162,2.44155,2.52492,2.42861,127624758
TQQQ,2015-12-03,2.46094,2.317,2.47173,2.27433,236129124
TQQQ,2015-12-04,2.33662,2.4763,2.49042,2.32273,181211303
TQQQ,2015-12-07,2.48371,2.44589,2.48827,2.40945,144775281
TQQQ,2015-12-08,2.36826,2.44613,2.46885,2.36537,170030823
TQQQ,2015-12-09,2.41136,2.33208,2.45304,2.29063,302977541
TQQQ,2015-12-10,2.34907,2.36537,2.41136,2.32848,170369326
TQQQ,2015-12-11,2.28345,2.20306,2.30165,2.19792,308348324
TQQQ,2015-12-14,2.21263,2.2523,2.25436,2.11744,242923271
TQQQ,2015-12-15,2.31029,2.29063,2.35051,2.28439,200310205
TQQQ,2015-12-16,2.33901,2.39197,2.4061,2.26906,205495269
TQQQ,2015-12-17,2.42383,2.2923,2.42574,2.28919,198176950
TQQQ,2015-12-18,2.26754,2.16644,2.28368,2.16165,214319421
TQQQ,2015-12-21,2.2201,2.23064,2.23073,2.17143,133908233
TQQQ,2015-12-22,2.26548,2.27289,2.28298,2.22979,140169867
TQQQ,2015-12-23,2.30859,2.32488,2.32848,2.2959,114914726
TQQQ,2015-12-24,2.32273,2.32011,2.34165,2.31889,50736001
TQQQ,2015-12-28,2.30382,2.31937,2.31937,2.25494,107367566
TQQQ,2015-12-29,2.35986,2.42525,2.44301,2.35507,151946594
TQQQ,2015-12-30,2.42097,2.36346,2.42383,2.36156,85346145
TQQQ,2015-12-31,2.33758,2.27568,2.35031,2.27314,170278791
TQQQ,2016-01-04,2.12427,2.13673,2.13673,2.04677,270539757
TQQQ,2016-01-05,2.16165,2.11767,2.17028,2.08869,129402437
TQQQ,2016-01-06,2.01179,2.06077,2.09285,2.009,235640385
TQQQ,2016-01-07,1.9265,1.8647,2.00222,1.86192,327425803
TQQQ,2016-01-08,1.90504,1.82086,1.93983,1.81247,325346556
TQQQ,2016-01-11,1.85855,1.83682,1.87331,1.75126,351544245
TQQQ,2016-01-12,1.88588,1.89848,1.92708,1.821,307090049
TQQQ,2016-01-13,1.92147,1.69999,1.93488,1.69342,405950852
TQQQ,2016-01-14,1.72154,1.81008,1.85583,1.63962,359521210
TQQQ,2016-01-15,1.62923,1.64359,1.69942,1.57244,568209791
TQQQ,2016-01-19,1.70795,1.65055,1.71571,1.59392,271074073
TQQQ,2016-01-20,1.57303,1.63558,1.68898,1.46522,550192620
TQQQ,2016-01-21,1.65619,1.64154,1.71353,1.5909,340141612
TQQQ,2016-01-22,1.73831,1.78316,1.7859,1.72346,282423140
TQQQ,2016-01-25,1.7672,1.70277,1.79485,1.69942,272552197
TQQQ,2016-01-26,1.72526,1.75154,1.77214,1.68097,241901326
TQQQ,2016-01-27,1.71954,1.62107,1.74147,1.59776,356706525
TQQQ,2016-01-28,1.69711,1.68501,1.70133,1.60383,314899720
TQQQ,2016-01-29,1.68878,1.79485,1.79485,1.68447,255426211
TQQQ,2016-02-01,1.76562,1.80505,1.82782,1.74628,221208844
TQQQ,2016-02-02,1.78373,1.69041,1.78373,1.67391,250092572
TQQQ,2016-02-03,1.72232,1.66659,1.72279,1.57668,452747700
TQQQ,2016-02-04,1.64997,1.66356,1.70429,1.60671,284074635
TQQQ,2016-02-05,1.64758,1.49253,1.64918,1.47397,426078445
TQQQ,2016-02-08,1.40905,1.42271,1.44202,1.34153,530664647
TQQQ,2016-02-09,1.36547,1.40773,1.47412,1.35914,464781069
TQQQ,2016-02-10,1.45938,1.42449,1.51256,1.42223,377438964
TQQQ,2016-02-11,1.37073,1.42104,1.45265,1.35828,467698562
TQQQ,2016-02-12,1.46561,1.48181,1.48802,1.42689,318229619
TQQQ,2016-02-16,1.55032,1.5802,1.5802,1.52143,309326654
TQQQ,2016-02-17,1.62024,1.68934,1.69797,1.60559,367152901
TQQQ,2016-02-18,1.70731,1.63194,1.70795,1.62659,255991851
TQQQ,2016-02-19,1.61339,1.649,1.66275,1.59809,239950568
TQQQ,2016-02-22,1.69376,1.72695,1.73272,1.68898,240867368
TQQQ,2016-02-23,1.69645,1.64087,1.71117,1.63913,264834020
TQQQ,2016-02-24,1.58528,1.68958,1.69532,1.55473,346298644
TQQQ,2016-02-25,1.70073,1.73631,1.73831,1.65461,256913067
TQQQ,2016-02-26,1.77598,1.73238,1.78016,1.72049,245599533
TQQQ,2016-02-29,1.72824,1.68638,1.76705,1.68638,225917166
TQQQ,2016-03-01,1.73272,1.84792,1.8484,1.71896,306579427
TQQQ,2016-03-02,1.84099,1.84995,1.85185,1.80721,191254265
TQQQ,2016-03-03,1.84514,1.83955,1.84675,1.80051,205248069
TQQQ,2016-03-04,1.8466,1.84276,1.87789,1.80568,236032203
TQQQ,2016-03-07,1.81402,1.8084,1.8464,1.76863,186212742
TQQQ,2016-03-08,1.77008,1.76063,1.81798,1.75364,208699818
TQQQ,2016-03-09,1.7843,1.79428,1.79739,1.75331,208054522
TQQQ,2016-03-10,1.82299,1.78746,1.85023,1.71867,359155298
TQQQ,2016-03-11,1.84542,1.88004,1.88204,1.82962,165322352
TQQQ,2016-03-14,1.86124,1.89096,1.90494,1.85904,164349740
TQQQ,2016-03-15,1.87189,1.88971,1.89487,1.85319,201946948
TQQQ,2016-03-16,1.87307,1.93801,1.95406,1.87307,184524270
TQQQ,2016-03-17,1.92324,1.93252,1.94989,1.90073,133334160
TQQQ,2016-03-18,1.94844,1.94367,1.95994,1.91463,154280872
TQQQ,2016-03-21,1.93523,1.96665,1.97322,1.9314,142226522
TQQQ,2016-03-22,1.93488,1.98424,1.99925,1.93312,133031132
TQQQ,2016-03-23,1.9737,1.93704,1.978,1.92353,161517531
TQQQ,2016-03-24,1.90552,1.93646,1.94001,1.89848,132830109
TQQQ,2016-03-28,1.95584,1.92953,1.9563,1.92003,126758711
TQQQ,2016-03-29,1.91885,2.02175,2.02615,1.9095,177338547
TQQQ,2016-03-30,2.05865,2.05202,2.09013,2.03899,206941876
TQQQ,2016-03-31,2.04735,2.04016,2.07032,2.03359,116476614
TQQQ,2016-04-01,2.009,2.1081,2.1105,1.99764,160210825
TQQQ,2016-04-04,2.10484,2.08197,2.1119,2.06939,134346571
TQQQ,2016-04-05,2.03429,2.02592,2.05835,2.0154,145767078
TQQQ,2016-04-06,2.03215,2.12303,2.12462,2.03014,179551016
TQQQ,2016-04-07,2.08687,2.03132,2.09732,2.00485,247985265
TQQQ,2016-04-08,2.06822,2.02655,2.0826,2.00546,165124093
TQQQ,2016-04-11,2.05275,2.00485,2.08294,2.00315,134467436
TQQQ,2016-04-12,2.00852,2.05156,2.06553,1.97107,181636191
TQQQ,2016-04-13,2.10175,2.13182,2.14187,2.09333,159910460
TQQQ,2016-04-14,2.13244,2.13323,2.15672,2.11648,109712088
TQQQ,2016-04-15,2.12629,2.1168,2.14125,2.10068,81202705
TQQQ,2016-04-18,2.09937,2.14808,2.15254,2.09515,98682656
TQQQ,2016-04-19,2.16965,2.11108,2.17173,2.07695,153005240
TQQQ,2016-04-20,2.10834,2.11625,2.14472,2.08869,105213681
TQQQ,2016-04-21,2.11503,2.1168,2.13886,2.08806,126457903
TQQQ,2016-04-22,2.03551,2.02097,2.06295,1.97193,199541931
TQQQ,2016-04-25,1.99885,2.01935,2.02051,1.9908,93931722
TQQQ,2016-04-26,2.03117,1.99169,2.04342,1.97261,109788680
TQQQ,2016-04-27,1.9313,1.94386,1.95613,1.89369,178935934
TQQQ,2016-04-28,1.95022,1.87487,1.9836,1.86157,155005382
TQQQ,2016-04-29,1.86854,1.84313,1.88377,1.79904,191129325
TQQQ,2016-05-02,1.85664,1.89369,1.90231,1.83404,115218105
TQQQ,2016-05-03,1.85442,1.84362,1.87907,1.82662,145368782
TQQQ,2016-05-04,1.8096,1.80713,1.82838,1.79275,153183971
TQQQ,2016-05-05,1.82423,1.80602,1.83779,1.79331,143475254
TQQQ,2016-05-06,1.77711,1.83221,1.83366,1.77214,155285810
TQQQ,2016-05-09,1.83404,1.8484,1.87331,1.83139,118167916
TQQQ,2016-05-10,1.86796,1.92569,1.92689,1.85846,115020631
TQQQ,2016-05-11,1.91633,1.87307,1.93322,1.87035,126939012
TQQQ,2016-05-12,1.88771,1.847,1.89116,1.80825,185413911
TQQQ,2016-05-13,1.84577,1.82456,1.87583,1.81608,157830261
TQQQ,2016-05-16,1.83203,1.89477,1.91491,1.82996,121080383
TQQQ,2016-05-17,1.89248,1.82216,1.90589,1.80888,187516551
TQQQ,2016-05-18,1.81199,1.84303,1.87246,1.79944,238097140
TQQQ,2016-05-19,1.82038,1.81382,1.83573,1.77415,257017119
TQQQ,2016-05-20,1.83597,1.87429,1.89575,1.83285,124085262
TQQQ,2016-05-23,1.87907,1.86508,1.90015,1.86143,86298428
TQQQ,2016-05-24,1.89719,1.97922,1.98521,1.89575,147556546
TQQQ,2016-05-25,2.00197,2.02195,2.03909,1.9908,144396971
TQQQ,2016-05-26,2.02879,2.03899,2.04614,2.01266,94112816
TQQQ,2016-05-27,2.04231,2.06953,2.0712,2.04207,105810538
TQQQ,2016-05-31,2.08088,2.08375,2.0917,2.05098,108939305
TQQQ,2016-06-01,2.06295,2.08269,2.09611,2.05741,99442648
TQQQ,2016-06-02,2.06856,2.09452,2.09491,2.03615,103250834
TQQQ,2016-06-03,2.0826,2.06583,2.08629,2.02531,153094339
TQQQ,2016-06-06,2.07512,2.08796,2.10449,2.06641,83949890
TQQQ,2016-06-07,2.09467,2.07311,2.09793,2.0692,75747290
TQQQ,2016-06-08,2.08452,2.08237,2.09554,2.05993,81335777
TQQQ,2016-06-09,2.05741,2.07311,2.07934,2.04548,99077229
TQQQ,2016-06-10,2.01744,2.00132,2.02769,1.98086,159750546
TQQQ,2016-06-13,1.96963,1.95109,2.00123,1.94447,115561225
TQQQ,2016-06-14,1.9361,1.95287,1.97202,1.90854,141275342
TQQQ,2016-06-15,1.96569,1.93552,1.97202,1.92469,104051393
TQQQ,2016-06-16,1.90686,1.94942,1.95691,1.86831,162243685
TQQQ,2016-06-17,1.94146,1.88252,1.94146,1.86972,166911006
TQQQ,2016-06-20,1.95022,1.91643,1.9749,1.91367,135038053
TQQQ,2016-06-21,1.92833,1.93561,1.94781,1.91477,85333038
TQQQ,2016-06-22,1.94126,1.92231,1.97322,1.91751,99410664
TQQQ,2016-06-23,1.96771,2.0034,2.005,1.94337,122960669
TQQQ,2016-06-24,1.79307,1.75881,1.87965,1.74529,314352556
TQQQ,2016-06-27,1.71867,1.65639,1.72107,1.62956,227294043
TQQQ,2016-06-28,1.70667,1.76025,1.76264,1.70517,196451317
TQQQ,2016-06-29,1.80328,1.85175,1.86446,1.79993,214843551
TQQQ,2016-06-30,1.8627,1.91885,1.92067,1.84496,160286415
TQQQ,2016-07-01,1.91549,1.9452,1.96843,1.91332,128316783
TQQQ,2016-07-05,1.92003,1.9107,1.92362,1.87995,127091745
TQQQ,2016-07-06,1.88458,1.95574,1.95994,1.86614,168141562
TQQQ,2016-07-07,1.96445,1.97433,1.98822,1.94748,123737476
TQQQ,2016-07-08,2.00364,2.06553,2.07032,1.99826,146338296
TQQQ,2016-07-11,2.08917,2.10091,2.12497,2.0871,137841709
TQQQ,2016-07-12,2.13995,2.13406,2.15082,2.12573,111138767
TQQQ,2016-07-13,2.15131,2.11911,2.15254,2.11767,119690456
TQQQ,2016-07-14,2.16103,2.1621,2.17359,2.14593,102873317
TQQQ,2016-07-15,2.17602,2.14992,2.17985,2.13673,81059347
TQQQ,2016-07-18,2.15561,2.1928,2.20512,2.15384,82002805
TQQQ,2016-07-19,2.17173,2.16999,2.19003,2.15839,74598251
TQQQ,2016-07-20,2.20335,2.24415,2.25759,2.19682,89905741
TQQQ,2016-07-21,2.25094,2.23073,2.2627,2.21182,109193335
TQQQ,2016-07-22,2.23602,2.25672,2.26513,2.21422,84439389
TQQQ,2016-07-25,2.25174,2.25876,2.25891,2.23515,72874873
TQQQ,2016-07-26,2.25652,2.2663,2.29015,2.23122,128505616
TQQQ,2016-07-27,2.32177,2.31076,2.3304,2.28345,124962614
TQQQ,2016-07-28,2.32321,2.33566,2.34429,2.30142,82309791
TQQQ,2016-07-29,2.35244,2.351,2.37041,2.32967,100452211
TQQQ,2016-08-01,2.35675,2.38789,2.4061,2.34813,107209206
TQQQ,2016-08-02,2.37783,2.33423,2.38454,2.28849,157767061
TQQQ,2016-08-03,2.32897,2.35628,2.35746,2.32441,81438467
TQQQ,2016-08-04,2.35579,2.37734,2.38405,2.33833,85531915
TQQQ,2016-08-05,2.41567,2.44613,2.46168,2.40561,118042133
TQQQ,2016-08-08,2.45017,2.4382,2.45163,2.41399,72473178
TQQQ,2016-08-09,2.44252,2.4545,2.47702,2.43867,76685622
TQQQ,2016-08-10,2.45641,2.43557,2.46023,2.41567,83786161
TQQQ,2016-08-11,2.45856,2.46695,2.48251,2.44516,66050520
TQQQ,2016-08-12,2.45256,2.47173,2.47173,2.44539,65425495
TQQQ,2016-08-15,2.48035,2.50287,2.51917,2.47796,54298080
TQQQ,2016-08-16,2.48827,2.46337,2.49042,2.45976,60225470
TQQQ,2016-08-17,2.46337,2.47364,2.47654,2.42212,87079810
TQQQ,2016-08-18,2.46695,2.47654,2.48683,2.4545,54286542
TQQQ,2016-08-19,2.46361,2.47389,2.48994,2.44301,70660559
TQQQ,2016-08-22,2.46214,2.4763,2.49235,2.44922,70402055
TQQQ,2016-08-23,2.50624,2.49088,2.52059,2.48923,60883624
TQQQ,2016-08-24,2.48755,2.44301,2.4981,2.4195,70611067
TQQQ,2016-08-25,2.42359,2.42861,2.45376,2.41522,55337557
TQQQ,2016-08-26,2.4346,2.44301,2.4897,2.39891,104792801
TQQQ,2016-08-29,2.44441,2.44993,2.47196,2.44301,48881872
TQQQ,2016-08-30,2.44107,2.42766,2.46168,2.40322,63666492
TQQQ,2016-08-31,2.41711,2.41809,2.42813,2.3898,69322929
TQQQ,2016-09-01,2.42287,2.43221,2.44681,2.38717,84815086
TQQQ,2016-09-02,2.47556,2.46072,2.49042,2.43485,88598926
TQQQ,2016-09-06,2.47556,2.50624,2.50768,2.45856,63840272
TQQQ,2016-09-07,2.51414,2.51101,2.52492,2.48418,55339820
TQQQ,2016-09-08,2.49042,2.46791,2.49186,2.44875,67247097
TQQQ,2016-09-09,2.40753,2.28056,2.42262,2.28056,152196858
TQQQ,2016-09-12,2.24632,2.3977,2.41328,2.24216,126820158
TQQQ,2016-09-13,2.3656,2.34095,2.38837,2.305,121914412
TQQQ,2016-09-14,2.34716,2.37113,2.41064,2.34477,109622689
TQQQ,2016-09-15,2.37496,2.48132,2.49305,2.37278,128851065
TQQQ,2016-09-16,2.4751,2.47845,2.48683,2.44252,78613137
TQQQ,2016-09-19,2.4976,2.44589,2.52108,2.43293,86226745
TQQQ,2016-09-20,2.47054,2.45953,2.49042,2.44827,60390810
TQQQ,2016-09-21,2.49042,2.53211,2.54214,2.44827,133328233
TQQQ,2016-09-22,2.57836,2.59008,2.6011,2.56899,75458830
TQQQ,2016-09-23,2.58194,2.54361,2.58336,2.53163,69405348
TQQQ,2016-09-26,2.49975,2.47845,2.50862,2.46813,78532220
TQQQ,2016-09-27,2.47772,2.55079,2.55532,2.46813,80807981
TQQQ,2016-09-28,2.55991,2.56564,2.56899,2.52588,72993935
TQQQ,2016-09-29,2.55365,2.51031,2.56612,2.47654,110179146
TQQQ,2016-09-30,2.53329,2.56181,2.5872,2.52084,77775643
TQQQ,2016-10-03,2.55318,2.55606,2.56371,2.52324,79074275
TQQQ,2016-10-04,2.57427,2.54169,2.59296,2.51391,110584965
TQQQ,2016-10-05,2.56468,2.56875,2.59296,2.56083,66482045
TQQQ,2016-10-06,2.55845,2.5642,2.58049,2.52779,73541709
TQQQ,2016-10-07,2.5721,2.54743,2.58171,2.51056,89364145
TQQQ,2016-10-10,2.58481,2.59296,2.61307,2.58336,56940421
TQQQ,2016-10-11,2.58769,2.48587,2.59057,2.45163,123849951
TQQQ,2016-10-12,2.48852,2.48082,2.50383,2.45544,79729357
TQQQ,2016-10-13,2.42861,2.45234,2.47173,2.38405,101960241
TQQQ,2016-10-14,2.48467,2.45856,2.51679,2.45497,79682319
TQQQ,2016-10-17,2.45641,2.44011,2.46933,2.43031,54094954
TQQQ,2016-10-18,2.52538,2.50287,2.53881,2.50048,74880542
TQQQ,2016-10-19,2.4981,2.50383,2.51367,2.49042,45704322
TQQQ,2016-10-20,2.49235,2.49329,2.51056,2.45088,66071542
TQQQ,2016-10-21,2.49713,2.52156,2.52613,2.4751,57316468
TQQQ,2016-10-24,2.57117,2.61213,2.61715,2.56899,71201596
TQQQ,2016-10-25,2.61452,2.58576,2.6181,2.57569,59960345
TQQQ,2016-10-26,2.53617,2.5364,2.57714,2.51245,97440302
TQQQ,2016-10-27,2.56732,2.50095,2.57353,2.4897,104646037
TQQQ,2016-10-28,2.47724,2.45783,2.51726,2.43053,148079833
TQQQ,2016-10-31,2.4818,2.44369,2.4818,2.44252,59505635
TQQQ,2016-11-01,2.45953,2.39365,2.45953,2.32728,106583630
TQQQ,2016-11-02,2.3855,2.33112,2.40179,2.31506,85502652
TQQQ,2016-11-03,2.32153,2.2639,2.34333,2.25528,90990035
TQQQ,2016-11-04,2.24295,2.23816,2.29255,2.22682,88805985
TQQQ,2016-11-07,2.3467,2.39891,2.40632,2.33758,104194892
TQQQ,2016-11-08,2.39077,2.44727,2.47796,2.37496,111141280
TQQQ,2016-11-09,2.35915,2.48013,2.49088,2.3522,184374885
TQQQ,2016-11-10,2.51008,2.36202,2.52443,2.26057,256194235
TQQQ,2016-11-11,2.3256,2.3601,2.37734,2.30308,118025460
TQQQ,2016-11-14,2.36441,2.28033,2.36967,2.25436,185667440
TQQQ,2016-11-15,2.33808,2.38597,2.40753,2.33137,110398244
TQQQ,2016-11-16,2.34982,2.42479,2.43245,2.34982,89142334
TQQQ,2016-11-17,2.42335,2.48107,2.48107,2.40803,78006479
TQQQ,2016-11-18,2.48564,2.45304,2.50191,2.44539,64112711
TQQQ,2016-11-21,2.46885,2.52684,2.5345,2.46767,86785556
TQQQ,2016-11-22,2.5575,2.55294,2.56995,2.53163,79057962
TQQQ,2016-11-23,2.52492,2.51894,2.53353,2.48658,76352638
TQQQ,2016-11-25,2.53067,2.54361,2.54696,2.52059,38386295
TQQQ,2016-11-28,2.53163,2.52924,2.56206,2.51869,73865209
TQQQ,2016-11-29,2.53113,2.55318,2.58818,2.5127,77272401
TQQQ,2016-11-30,2.55845,2.47078,2.56468,2.45713,155837450
TQQQ,2016-12-01,2.45807,2.33473,2.45831,2.32035,193745651
TQQQ,2016-12-02,2.33712,2.34429,2.374,2.31627,107387136
TQQQ,2016-12-05,2.38214,2.39843,2.42813,2.34907,93267808
TQQQ,2016-12-06,2.41711,2.41567,2.42958,2.38741,71699076
TQQQ,2016-12-07,2.40179,2.50551,2.5175,2.3807,152689413
TQQQ,2016-12-08,2.51196,2.52084,2.54124,2.4976,116312025
TQQQ,2016-12-09,2.54936,2.57979,2.58409,2.54936,106723222
TQQQ,2016-12-12,2.54456,2.5441,2.56133,2.51459,94658035
TQQQ,2016-12-13,2.5714,2.64324,2.68397,2.56805,175447433
TQQQ,2016-12-14,2.64852,2.6241,2.67728,2.60134,147005625
TQQQ,2016-12-15,2.63127,2.63989,2.68348,2.6169,110500141
TQQQ,2016-12-16,2.65236,2.60973,2.66936,2.59321,89183694
TQQQ,2016-12-19,2.61883,2.63967,2.68732,2.60684,85829266
TQQQ,2016-12-20,2.6605,2.67151,2.68446,2.65571,64918530
TQQQ,2016-12-21,2.67247,2.66241,2.67797,2.64566,50143811
TQQQ,2016-12-22,2.66338,2.64084,2.66719,2.61067,67488186
TQQQ,2016-12-23,2.62839,2.64731,2.64852,2.61978,32998615
TQQQ,2016-12-27,2.66168,2.68589,2.73188,2.6588,77839586
TQQQ,2016-12-28,2.7022,2.6236,2.71078,2.61787,92719224
TQQQ,2016-12-29,2.62216,2.61091,2.63894,2.58769,89142835
TQQQ,2016-12-30,2.62599,2.53474,2.62744,2.51031,110203950
TQQQ,2017-01-03,2.58216,2.59582,2.62744,2.5575,99851030
TQQQ,2017-01-04,2.6078,2.64036,2.65477,2.60443,69160561
TQQQ,2017-01-05,2.63797,2.68707,2.69043,2.63558,63839212
TQQQ,2017-01-06,2.69212,2.75536,2.77644,2.67175,99832654
TQQQ,2017-01-09,2.76207,2.78314,2.79704,2.75656,68331190
TQQQ,2017-01-10,2.78195,2.79921,2.82554,2.76758,69000940
TQQQ,2017-01-11,2.80111,2.82077,2.82266,2.76016,97846622
TQQQ,2017-01-12,2.79273,2.80639,2.81477,2.73044,83835929
TQQQ,2017-01-13,2.81549,2.83872,2.85214,2.81477,60315545
TQQQ,2017-01-17,2.8131,2.81188,2.82914,2.78746,57550469
TQQQ,2017-01-18,2.82505,2.83107,2.8368,2.80232,50329205
TQQQ,2017-01-19,2.8392,2.8234,2.87034,2.80758,57461838
TQQQ,2017-01-20,2.86075,2.84185,2.8828,2.82101,59127292
TQQQ,2017-01-23,2.83299,2.84831,2.86075,2.79608,56884592
TQQQ,2017-01-24,2.86363,2.90629,2.91969,2.85191,53566774
TQQQ,2017-01-25,2.95994,2.99226,2.99682,2.95371,57590626
TQQQ,2017-01-26,3.00594,3.00472,3.02272,2.98869,51650062
TQQQ,2017-01-27,3.02032,3.0191,3.02917,2.99157,34322427
TQQQ,2017-01-30,2.98726,2.95035,2.98869,2.90004,77948563
TQQQ,2017-01-31,2.92017,2.93406,2.93406,2.88041,60069948
TQQQ,2017-02-01,2.99157,2.98988,3.00906,2.95156,75075804
TQQQ,2017-02-02,2.97476,2.98247,3.01024,2.95012,59778625
TQQQ,2017-02-03,2.99443,3.00832,3.01839,2.9851,50393992
TQQQ,2017-02-06,2.99348,3.01935,3.02102,2.98557,42759838
TQQQ,2017-02-07,3.0354,3.05051,3.07158,3.03086,47776197
TQQQ,2017-02-08,3.03995,3.06772,3.07971,3.02272,38243873
TQQQ,2017-02-09,3.07588,3.09959,3.12092,3.0711,53005158
TQQQ,2017-02-10,3.12116,3.13051,3.14391,3.10513,48947577
TQQQ,2017-02-13,3.15972,3.18537,3.19686,3.15493,44176715
TQQQ,2017-02-14,3.18728,3.21531,3.21627,3.15733,62502842
TQQQ,2017-02-15,3.21099,3.27088,3.27664,3.20381,76046052
TQQQ,2017-02-16,3.27856,3.26753,3.2977,3.24406,65831965
TQQQ,2017-02-17,3.25412,3.30875,3.31113,3.2522,53463082
TQQQ,2017-02-21,3.33173,3.36144,3.36622,3.32406,64943150
TQQQ,2017-02-22,3.35088,3.36167,3.37006,3.33341,44563715
TQQQ,2017-02-23,3.37654,3.32552,3.37679,3.28383,64952651
TQQQ,2017-02-24,3.27758,3.34227,3.34251,3.2752,51841225
TQQQ,2017-02-27,3.32575,3.35327,3.35523,3.30752,54107068
TQQQ,2017-02-28,3.35376,3.32694,3.35689,3.29675,42224478
TQQQ,2017-03-01,3.3854,3.43475,3.45057,3.36934,65189156
TQQQ,2017-03-02,3.43306,3.38131,3.43306,3.36934,43765327
TQQQ,2017-03-03,3.37245,3.39809,3.40287,3.34658,36031997
TQQQ,2017-03-06,3.36144,3.37436,3.3933,3.33532,39867158
TQQQ,2017-03-07,3.35281,3.3576,3.40287,3.34179,36666774
TQQQ,2017-03-08,3.36622,3.37485,3.40744,3.3545,40164442
TQQQ,2017-03-09,3.37412,3.3854,3.39761,3.32981,45062465
TQQQ,2017-03-10,3.42851,3.42227,3.44097,3.38347,53021772
TQQQ,2017-03-13,3.43569,3.44241,3.44528,3.41604,35432051
TQQQ,2017-03-14,3.41869,3.41654,3.42373,3.37581,55445174
TQQQ,2017-03-15,3.44026,3.47642,3.50325,3.4048,66731048
TQQQ,2017-03-16,3.50037,3.47451,3.50037,3.44959,40653532
TQQQ,2017-03-17,3.48264,3.46636,3.49654,3.4642,36440204
TQQQ,2017-03-20,3.46636,3.47642,3.50135,3.45057,38384742
TQQQ,2017-03-21,3.51523,3.32144,3.52626,3.31352,97846372
TQQQ,2017-03-22,3.32335,3.38682,3.39594,3.30777,74636364
TQQQ,2017-03-23,3.37436,3.35974,3.40121,3.34371,61763572
TQQQ,2017-03-24,3.39162,3.3782,3.43089,3.34227,53129789
TQQQ,2017-03-27,3.30921,3.39594,3.41366,3.28431,77651997
TQQQ,2017-03-28,3.39569,3.45965,3.48935,3.37436,87223944
TQQQ,2017-03-29,3.46301,3.50563,3.51044,3.45485,49815486
TQQQ,2017-03-30,3.50446,3.52314,3.53489,3.49295,54540521
TQQQ,2017-03-31,3.50757,3.51477,3.54302,3.49607,55948190
TQQQ,2017-04-03,3.5253,3.50708,3.54923,3.45151,67470945
TQQQ,2017-04-04,3.47642,3.52314,3.52603,3.47403,33312872
TQQQ,2017-04-05,3.54039,3.48314,3.60099,3.46204,75384367
TQQQ,2017-04-06,3.4951,3.48575,3.51477,3.46062,64151800
TQQQ,2017-04-07,3.48339,3.48169,3.51331,3.44384,43476358
TQQQ,2017-04-10,3.49366,3.48575,3.52768,3.45581,50181807
TQQQ,2017-04-11,3.47212,3.44193,3.48985,3.36406,89248239
TQQQ,2017-04-12,3.43785,3.39641,3.44504,3.38611,70471500
TQQQ,2017-04-13,3.38302,3.35616,3.44144,3.35425,63389219
TQQQ,2017-04-17,3.38442,3.43569,3.44026,3.38057,36936950
TQQQ,2017-04-18,3.40407,3.42588,3.4539,3.39761,52526304
TQQQ,2017-04-19,3.4654,3.43785,3.49918,3.42349,59888069
TQQQ,2017-04-20,3.47976,3.52123,3.54638,3.46396,85642336
TQQQ,2017-04-21,3.53272,3.51953,3.53727,3.49532,55790739
TQQQ,2017-04-24,3.63597,3.64746,3.65777,3.62014,62368669
TQQQ,2017-04-25,3.68364,3.72844,3.74664,3.67525,66654056
TQQQ,2017-04-26,3.73179,3.71167,3.75862,3.70403,91190907
TQQQ,2017-04-27,3.73994,3.77682,3.7773,3.73083,59992271
TQQQ,2017-04-28,3.82282,3.79838,3.82712,3.77923,71631342
TQQQ,2017-05-01,3.8336,3.89419,3.91363,3.82882,67427648
TQQQ,2017-05-02,3.91339,3.91721,3.92272,3.88317,62775665
TQQQ,2017-05-03,3.89324,3.87863,3.89372,3.84725,76545654
TQQQ,2017-05-04,3.88032,3.88249,3.89827,3.84296,75817971
TQQQ,2017-05-05,3.91052,3.92486,3.92486,3.86857,56998111
TQQQ,2017-05-08,3.93062,3.94833,3.94977,3.90667,63959476
TQQQ,2017-05-09,3.96703,3.99146,4.01759,3.95839,79019257
TQQQ,2017-05-10,3.99603,3.99817,4.00151,3.95553,58503861
TQQQ,2017-05-11,3.96559,3.98859,3.99027,3.91002,65078635
TQQQ,2017-05-12,3.99363,4.01448,4.01686,3.9833,61127835
TQQQ,2017-05-15,4.01832,4.05183,4.05855,4.00799,72355894
TQQQ,2017-05-16,4.08058,4.10285,4.10334,4.04777,79593830
TQQQ,2017-05-17,4.00634,3.79263,4.02741,3.78712,145697082
TQQQ,2017-05-18,3.78688,3.88845,3.92583,3.7706,125887946
TQQQ,2017-05-19,3.92631,3.93541,3.9862,3.9232,75793150
TQQQ,2017-05-22,3.96272,4.03746,4.04227,3.95839,68125325
TQQQ,2017-05-23,4.07053,4.04752,4.07219,4.01735,71925880
TQQQ,2017-05-24,4.08131,4.10334,4.10812,4.04947,68265869
TQQQ,2017-05-25,4.14813,4.21138,4.23797,4.12252,91318661
TQQQ,2017-05-26,4.20801,4.2291,4.23343,4.19221,57278974
TQQQ,2017-05-30,4.2188,4.23772,4.25354,4.21474,57675183
TQQQ,2017-05-31,4.27653,4.23268,4.28565,4.16824,100813748
TQQQ,2017-06-01,4.25785,4.28324,4.28685,4.20563,77250085
TQQQ,2017-06-02,4.32541,4.42961,4.43271,4.30672,86738928
TQQQ,2017-06-05,4.42601,4.42601,4.449,4.40731,53645086
TQQQ,2017-06-06,4.40997,4.37571,4.45309,4.35344,81049721
TQQQ,2017-06-07,4.40683,4.42363,4.43465,4.34937,84654196
TQQQ,2017-06-08,4.45117,4.43559,4.45789,4.36565,96226552
TQQQ,2017-06-09,4.45141,4.11483,4.46794,3.9311,243571189
TQQQ,2017-06-12,4.00057,4.04032,4.05855,3.88224,173334415
TQQQ,2017-06-13,4.10334,4.13472,4.151,4.04178,132047132
TQQQ,2017-06-14,4.18359,4.07939,4.18359,3.98166,144283377
TQQQ,2017-06-15,3.95458,4.02454,4.03793,3.88032,147299002
TQQQ,2017-06-16,4.01637,3.97614,4.01924,3.92773,98085974
TQQQ,2017-06-19,4.0868,4.16874,4.18215,4.06859,114984873
TQQQ,2017-06-20,4.15869,4.07411,4.17354,4.06859,89363444
TQQQ,2017-06-21,4.09927,4.19269,4.19654,4.09088,87409730
TQQQ,2017-06-22,4.21138,4.18789,4.23389,4.15581,71282696
TQQQ,2017-06-23,4.17304,4.23485,4.25162,4.13903,71854506
TQQQ,2017-06-26,4.30432,4.17879,4.32972,4.14909,110281719
TQQQ,2017-06-27,4.12991,3.94858,4.14334,3.94858,150047990
TQQQ,2017-06-28,3.99003,4.11458,4.12729,3.92248,125754975
TQQQ,2017-06-29,4.0638,3.90474,4.06667,3.78545,241418247
TQQQ,2017-06-30,3.93875,3.89134,3.96894,3.86857,103027720
TQQQ,2017-07-03,3.96032,3.78327,3.97278,3.77587,85417870
TQQQ,2017-07-05,3.81444,3.89324,3.92439,3.77923,118929152
TQQQ,2017-07-06,3.80317,3.79048,3.85277,3.74664,110872181
TQQQ,2017-07-07,3.8281,3.90404,3.94068,3.82521,93641551
TQQQ,2017-07-10,3.91863,3.98572,4.01448,3.88749,96156706
TQQQ,2017-07-11,3.968,4.01832,4.03339,3.92344,113417024
TQQQ,2017-07-12,4.11939,4.16154,4.17427,4.09685,109851405
TQQQ,2017-07-13,4.17785,4.18887,4.21833,4.15245,95488675
TQQQ,2017-07-14,4.23821,4.28733,4.3024,4.20516,88413741
TQQQ,2017-07-17,4.30122,4.28971,4.33834,4.26863,104579931
TQQQ,2017-07-18,4.28085,4.37499,4.37954,4.24346,87825158
TQQQ,2017-07-19,4.41283,4.45525,4.47273,4.40973,108622251
TQQQ,2017-07-20,4.48783,4.47202,4.49693,4.41043,112859298
TQQQ,2017-07-21,4.41644,4.46507,4.46555,4.39631,90625041
TQQQ,2017-07-24,4.46386,4.52328,4.53478,4.44712,92552356
TQQQ,2017-07-25,4.48161,4.49309,4.52281,4.45429,98378433
TQQQ,2017-07-26,4.52184,4.53334,4.54149,4.50267,62705368
TQQQ,2017-07-27,4.62436,4.45237,4.63587,4.28971,197324528
TQQQ,2017-07-28,4.37381,4.43633,4.45838,4.346,73082658
TQQQ,2017-07-31,4.47442,4.37859,4.49142,4.35079,92417907
TQQQ,2017-08-01,4.42411,4.40878,4.42747,4.36899,63511771
TQQQ,2017-08-02,4.49213,4.44111,4.49645,4.32063,115256568
TQQQ,2017-08-03,4.45789,4.39487,4.45955,4.36757,75740369
TQQQ,2017-08-04,4.41931,4.41283,4.44565,4.36134,74614206
TQQQ,2017-08-07,4.43801,4.49023,4.4974,4.41883,57092369
TQQQ,2017-08-08,4.47034,4.47344,4.58221,4.43512,107853250
TQQQ,2017-08-09,4.36375,4.45596,4.46147,4.33258,103409520
TQQQ,2017-08-10,4.38099,4.16682,4.38911,4.15629,170264381
TQQQ,2017-08-11,4.18695,4.26168,4.28996,4.15747,110030337
TQQQ,2017-08-14,4.36085,4.42747,4.44662,4.35991,99353124
TQQQ,2017-08-15,4.45237,4.43559,4.46147,4.39918,75208758
TQQQ,2017-08-16,4.46674,4.4586,4.52041,4.41454,102466646
TQQQ,2017-08-17,4.40445,4.18457,4.42601,4.18383,165237870
TQQQ,2017-08-18,4.19102,4.1697,4.25977,4.12417,135508550
TQQQ,2017-08-21,4.17688,4.16106,4.20131,4.0801,90202508
TQQQ,2017-08-22,4.22336,4.34743,4.36039,4.22167,97973507
TQQQ,2017-08-23,4.27606,4.29882,4.32877,4.27077,86998835
TQQQ,2017-08-24,4.3302,4.26312,4.34698,4.18789,101360020
TQQQ,2017-08-25,4.30647,4.23438,4.34265,4.21856,96720593
TQQQ,2017-08-28,4.27126,4.27126,4.3024,4.23198,66527663
TQQQ,2017-08-29,4.16011,4.32396,4.34314,4.15029,88142939
TQQQ,2017-08-30,4.33166,4.47393,4.49454,4.32396,110464099
TQQQ,2017-08-31,4.51012,4.60089,4.61718,4.50291,110341756
TQQQ,2017-09-01,4.63587,4.59754,4.6536,4.56208,74212278
TQQQ,2017-09-05,4.55392,4.47466,4.58507,4.36998,135262544
TQQQ,2017-09-06,4.51081,4.51321,4.54365,4.41694,89010506
TQQQ,2017-09-07,4.53958,4.54124,4.57837,4.49454,76964405
TQQQ,2017-09-08,4.52423,4.42911,4.53191,4.41283,86210740
TQQQ,2017-09-11,4.52926,4.57024,4.59946,4.52759,89012009
TQQQ,2017-09-12,4.61382,4.60903,4.62868,4.54534,76686448
TQQQ,2017-09-13,4.58221,4.6282,4.62915,4.56401,53553057
TQQQ,2017-09-14,4.57695,4.55011,4.61431,4.53861,75249292
TQQQ,2017-09-15,4.54534,4.58652,4.64257,4.52184,82747962
TQQQ,2017-09-18,4.60664,4.5755,4.65074,4.53238,95429507
TQQQ,2017-09-19,4.59707,4.59468,4.61624,4.55011,59481215
TQQQ,2017-09-20,4.59275,4.5568,4.60617,4.449,112012345
TQQQ,2017-09-21,4.5434,4.46914,4.54484,4.42266,88628748
TQQQ,2017-09-22,4.42482,4.45789,4.47584,4.41308,64980653
TQQQ,2017-09-25,4.40352,4.31773,4.40997,4.24946,141470704
TQQQ,2017-09-26,4.38052,4.34743,4.40445,4.30193,99222365
TQQQ,2017-09-27,4.41694,4.46555,4.51274,4.3829,116090698
TQQQ,2017-09-28,4.43321,4.45789,4.47057,4.40064,67093003
TQQQ,2017-09-29,4.48495,4.55252,4.56208,4.449,92258203
TQQQ,2017-10-02,4.57598,4.56496,4.62101,4.5041,96150110
TQQQ,2017-10-03,4.58221,4.59371,4.60952,4.55252,65181910
TQQQ,2017-10-04,4.56689,4.60568,4.63444,4.55491,93941231
TQQQ,2017-10-05,4.65936,4.73839,4.74607,4.6397,98496736
TQQQ,2017-10-06,4.69384,4.75565,4.75758,4.69144,89855122
TQQQ,2017-10-09,4.77768,4.74366,4.79206,4.7245,71946343
TQQQ,2017-10-10,4.78872,4.75372,4.80404,4.69001,74976895
TQQQ,2017-10-11,4.7475,4.79494,4.79733,4.72786,62397823
TQQQ,2017-10-12,4.7748,4.76905,4.82464,4.75183,68483606
TQQQ,2017-10-13,4.82703,4.82273,4.83901,4.80738,50937282
TQQQ,2017-10-16,4.85866,4.87256,4.87448,4.82656,59481415
TQQQ,2017-10-17,4.86636,4.88932,4.89125,4.84381,62780315
TQQQ,2017-10-18,4.90321,4.87063,4.90368,4.85053,60453384
TQQQ,2017-10-19,4.78726,4.81699,4.81744,4.71445,84252034
TQQQ,2017-10-20,4.87448,4.85194,4.88646,4.83757,69593781
TQQQ,2017-10-23,4.8826,4.76141,4.88407,4.73889,63854215
TQQQ,2017-10-24,4.78439,4.78584,4.81219,4.72977,61441408
TQQQ,2017-10-25,4.75372,4.72786,4.80069,4.62101,93069832
TQQQ,2017-10-26,4.72066,4.68379,4.75232,4.67708,75155902
TQQQ,2017-10-27,4.90802,5.08722,5.11596,4.89413,154506248
TQQQ,2017-10-30,5.07474,5.12359,5.183,5.06323,100969638
TQQQ,2017-10-31,5.1696,5.17823,5.20219,5.1284,62948744
TQQQ,2017-11-01,5.2429,5.17104,5.25009,5.11405,86860169
TQQQ,2017-11-02,5.1557,5.14468,5.16288,5.03833,95976780
TQQQ,2017-11-03,5.19931,5.28842,5.29418,5.14661,90662294
TQQQ,2017-11-06,5.27884,5.34112,5.35022,5.27261,79416727
TQQQ,2017-11-07,5.3301,5.3507,5.37466,5.29799,97413628
TQQQ,2017-11-08,5.34544,5.41778,5.42115,5.3258,71394094
TQQQ,2017-11-09,5.28603,5.32771,5.3392,5.16577,170423376
TQQQ,2017-11-10,5.29512,5.32913,5.34159,5.26544,69160586
TQQQ,2017-11-13,5.27308,5.34495,5.36892,5.26879,78343445
TQQQ,2017-11-14,5.29129,5.29129,5.30901,5.21367,94507298
TQQQ,2017-11-15,5.22374,5.21179,5.25775,5.13031,83853186
TQQQ,2017-11-16,5.2961,5.40915,5.44748,5.29322,84315902
TQQQ,2017-11-17,5.41443,5.3483,5.42546,5.33393,72223382
TQQQ,2017-11-20,5.35646,5.33536,5.37515,5.31334,52104872
TQQQ,2017-11-21,5.40962,5.50355,5.51456,5.40435,73659494
TQQQ,2017-11-22,5.52318,5.52511,5.54283,5.49206,62752823
TQQQ,2017-11-24,5.54668,5.58739,5.59168,5.53612,41778000
TQQQ,2017-11-27,5.58021,5.57829,5.61899,5.54187,69552413
TQQQ,2017-11-28,5.61611,5.61948,5.63242,5.52702,73275374
TQQQ,2017-11-29,5.60559,5.33249,5.60559,5.25009,217344688
TQQQ,2017-11-30,5.39767,5.46283,5.49253,5.35741,123824929
TQQQ,2017-12-01,5.35741,5.39,5.4681,5.15139,177908137
TQQQ,2017-12-04,5.49541,5.2041,5.50786,5.1878,172408231
TQQQ,2017-12-05,5.1945,5.21179,5.39094,5.13798,119962226
TQQQ,2017-12-06,5.15329,5.28028,5.30566,5.13414,98516589
TQQQ,2017-12-07,5.28363,5.33249,5.37898,5.26303,79268644
TQQQ,2017-12-08,5.45083,5.40294,5.49013,5.37898,92214405
TQQQ,2017-12-11,5.41109,5.52702,5.53374,5.40915,74481852
TQQQ,2017-12-12,5.51887,5.50595,5.55529,5.47144,76628608
TQQQ,2017-12-13,5.56871,5.53517,5.58931,5.51362,86962100
TQQQ,2017-12-14,5.56631,5.52606,5.60559,5.50449,73972249
TQQQ,2017-12-15,5.59027,5.70524,5.73014,5.56008,116635533
TQQQ,2017-12-18,5.81785,5.85235,5.86909,5.7934,84660165
TQQQ,2017-12-19,5.82072,5.75029,5.83941,5.70286,102774935
TQQQ,2017-12-20,5.81161,5.73303,5.81448,5.66167,73736345
TQQQ,2017-12-21,5.75316,5.73014,5.80587,5.71053,69392825
TQQQ,2017-12-22,5.70573,5.71101,5.71722,5.66259,44416017
TQQQ,2017-12-26,5.61996,5.61853,5.63914,5.55385,50834834
TQQQ,2017-12-27,5.61899,5.61853,5.66358,5.60223,46981306
TQQQ,2017-12-28,5.66836,5.63385,5.67362,5.61709,48713952
TQQQ,2017-12-29,5.65494,5.5275,5.65494,5.52318,71491675
TQQQ,2018-01-02,5.61422,5.81113,5.8231,5.57397,95605375
TQQQ,2018-01-03,5.83462,5.98122,6.00325,5.83363,88424161
TQQQ,2018-01-04,6.05119,6.01619,6.07272,5.99462,73000397
TQQQ,2018-01-05,6.10004,6.19777,6.21118,6.0689,86121566
TQQQ,2018-01-08,6.19729,6.26676,6.2797,6.19108,75403110
TQQQ,2018-01-09,6.30508,6.27156,6.32616,6.21599,108716718
TQQQ,2018-01-10,6.18436,6.22702,6.2294,6.10483,99942383
TQQQ,2018-01-11,6.25861,6.35157,6.35157,6.2294,78060679
TQQQ,2018-01-12,6.33001,6.48618,6.5111,6.31229,93612856
TQQQ,2018-01-16,6.61746,6.43637,6.72048,6.37839,163417378
TQQQ,2018-01-17,6.52166,6.63903,6.67209,6.43348,85868113
TQQQ,2018-01-18,6.60978,6.64525,6.68933,6.56286,98393812
TQQQ,2018-01-19,6.70225,6.70898,6.73772,6.60837,88671761
TQQQ,2018-01-22,6.69316,6.91884,6.91884,6.67592,108193231
TQQQ,2018-01-23,6.98542,7.09416,7.11094,6.9744,134366574
TQQQ,2018-01-24,7.13252,6.94996,7.18283,6.83164,218100156
TQQQ,2018-01-25,7.09514,6.94135,7.1004,6.8762,138984870
TQQQ,2018-01-26,7.05249,7.25133,7.25133,7.01609,111135052
TQQQ,2018-01-29,7.20868,7.1555,7.25756,7.10903,137900852
TQQQ,2018-01-30,6.95619,6.97249,7.06638,6.86469,138093451
TQQQ,2018-01-31,7.09465,7.05825,7.13443,6.93321,113666921
TQQQ,2018-02-01,6.90253,6.88193,7.1004,6.80863,131744805
TQQQ,2018-02-02,6.80529,6.46175,6.84649,6.45124,189506716
TQQQ,2018-02-05,6.28545,5.7158,6.59973,5.68226,238720888
TQQQ,2018-02-06,5.45181,6.15656,6.17623,5.38041,250325796
TQQQ,2018-02-07,6.09859,5.91414,6.29502,5.91414,182576835
TQQQ,2018-02-08,5.97403,5.18014,5.98217,5.18014,224954239
TQQQ,2018-02-09,5.38712,5.42401,5.54426,4.82944,334667171
TQQQ,2018-02-12,5.60944,5.72009,5.83318,5.46857,182400474
TQQQ,2018-02-13,5.62764,5.79725,5.84133,5.59314,112573594
TQQQ,2018-02-14,5.71053,6.13692,6.16088,5.70429,175421560
TQQQ,2018-02-15,6.29551,6.45742,6.46608,6.10338,198638314
TQQQ,2018-02-16,6.41051,6.3856,6.59303,6.34917,178161765
TQQQ,2018-02-20,6.41721,6.41721,6.58391,6.41721,152096772
TQQQ,2018-02-21,6.50966,6.3597,6.70225,6.35543,184035831
TQQQ,2018-02-22,6.45218,6.36068,6.54847,6.31181,173856809
TQQQ,2018-02-23,6.50536,6.73965,6.74395,6.43637,149007561
TQQQ,2018-02-26,6.84601,7.01033,7.01368,6.83114,139687799
TQQQ,2018-02-27,7.02278,6.75928,7.06016,6.75066,181231131
TQQQ,2018-02-28,6.87235,6.62322,6.93895,6.61651,160010036
TQQQ,2018-03-01,6.63807,6.30462,6.7267,6.12351,263431795
TQQQ,2018-03-02,6.08374,6.47804,6.50822,6.00803,202240860
TQQQ,2018-03-05,6.38653,6.68118,6.73867,6.30991,155687839
TQQQ,2018-03-06,6.78084,6.76599,6.84122,6.64622,148555866
TQQQ,2018-03-07,6.61793,6.81629,6.83353,6.58298,139879212
TQQQ,2018-03-08,6.89248,6.91787,6.94181,6.81773,120432773
TQQQ,2018-03-09,7.07502,7.32079,7.32079,7.04389,154082913
TQQQ,2018-03-12,7.39123,7.43005,7.49759,7.34524,138745243
TQQQ,2018-03-13,7.54311,7.16078,7.5915,7.08652,190626008
TQQQ,2018-03-14,7.25085,7.13634,7.27288,7.04484,139729885
TQQQ,2018-03-15,7.15789,7.10426,7.24414,7.03813,115966326
TQQQ,2018-03-16,7.14496,7.05729,7.19911,7.04435,81846691
TQQQ,2018-03-19,6.87285,6.61411,6.87285,6.41768,203109921
TQQQ,2018-03-20,6.61604,6.663,6.70995,6.5413,96407195
TQQQ,2018-03-21,6.61411,6.56666,6.79761,6.48475,138554881
TQQQ,2018-03-22,6.31181,6.08662,6.43878,6.06459,215291916
TQQQ,2018-03-23,6.06459,5.59504,6.14364,5.59504,227544408
TQQQ,2018-03-26,5.93712,6.2246,6.24952,5.67314,191891571
TQQQ,2018-03-27,6.37073,5.62764,6.37073,5.46568,286122858
TQQQ,2018-03-28,5.52941,5.4336,5.69087,5.29944,253365340
TQQQ,2018-03-29,5.5165,5.73448,5.88539,5.36029,206083125
TQQQ,2018-04-02,5.59889,5.22519,5.67794,5.05126,256150921
TQQQ,2018-04-03,5.36892,5.40056,5.46664,5.11596,231944232
TQQQ,2018-04-04,5.08527,5.65589,5.70524,5.06801,226637067
TQQQ,2018-04-05,5.82455,5.74501,5.84754,5.62477,191737861
TQQQ,2018-04-06,5.56631,5.31621,5.73064,5.23667,242910072
TQQQ,2018-04-09,5.45658,5.42255,5.74836,5.40101,183933049
TQQQ,2018-04-10,5.676,5.78094,5.83941,5.56438,204542135
TQQQ,2018-04-11,5.68322,5.68322,5.87197,5.66643,149997948
TQQQ,2018-04-12,5.79725,5.88252,5.94672,5.77712,149292815
TQQQ,2018-04-13,5.97739,5.79532,6.00231,5.72441,148997935
TQQQ,2018-04-16,5.91367,5.92323,5.99223,5.80875,123705992
TQQQ,2018-04-17,6.10147,6.30223,6.34821,6.07034,129822299
TQQQ,2018-04-18,6.31181,6.34629,6.4129,6.21981,123487779
TQQQ,2018-04-19,6.2543,6.17382,6.29454,6.10624,134916001
TQQQ,2018-04-20,6.12638,5.87774,6.13596,5.81352,147250086
TQQQ,2018-04-23,5.95917,5.83125,6.02913,5.73783,128971580
TQQQ,2018-04-24,5.90839,5.45946,5.94049,5.34544,222758292
TQQQ,2018-04-25,5.48583,5.48103,5.54668,5.25489,220454145
TQQQ,2018-04-26,5.68945,5.82122,5.87725,5.63481,148485402
TQQQ,2018-04-27,6.07559,5.83462,6.08231,5.73448,172395625
TQQQ,2018-04-30,5.87389,5.71005,5.98072,5.66309,168489641
TQQQ,2018-05-01,5.66022,5.89594,5.9036,5.62331,122324698
TQQQ,2018-05-02,5.93523,5.79293,5.98698,5.7776,150218198
TQQQ,2018-05-03,5.7158,5.7934,5.85713,5.5165,205036927
TQQQ,2018-05-04,5.72009,6.1192,6.16233,5.70524,194432457
TQQQ,2018-05-07,6.21022,6.26484,6.3324,6.19108,145419409
TQQQ,2018-05-08,6.2313,6.24426,6.29311,6.11679,132507135
TQQQ,2018-05-09,6.28785,6.45362,6.46896,6.21981,120253216
TQQQ,2018-05-10,6.51492,6.65435,6.66777,6.50057,124447317
TQQQ,2018-05-11,6.62034,6.63423,6.67879,6.54656,125169948
TQQQ,2018-05-14,6.67592,6.66393,6.7933,6.63423,114174153
TQQQ,2018-05-15,6.50536,6.44788,6.51639,6.34102,182499666
TQQQ,2018-05-16,6.46319,6.56715,6.61411,6.46126,93813920
TQQQ,2018-05-17,6.50009,6.49289,6.6419,6.39612,107937632
TQQQ,2018-05-18,6.41865,6.38894,6.48284,6.36257,89373529
TQQQ,2018-05-21,6.53553,6.50057,6.62322,6.4153,122236610
TQQQ,2018-05-22,6.58391,6.46655,6.61842,6.4383,101375457
TQQQ,2018-05-23,6.32331,6.62896,6.63282,6.31706,128670280
TQQQ,2018-05-24,6.62706,6.62322,6.65963,6.42391,74361471
TQQQ,2018-05-25,6.6261,6.64046,6.71328,6.58298,65965621
TQQQ,2018-05-29,6.54945,6.5552,6.66777,6.43446,98768506
TQQQ,2018-05-30,6.62226,6.69507,6.72767,6.58057,74043465
TQQQ,2018-05-31,6.6855,6.6807,6.81101,6.62706,84761954
TQQQ,2018-06-01,6.77175,6.99164,7.00219,6.77175,80698620
TQQQ,2018-06-04,7.04052,7.17083,7.18425,7.03094,66977447
TQQQ,2018-06-05,7.22832,7.2451,7.28101,7.1493,58455071
TQQQ,2018-06-06,7.26764,7.36439,7.37063,7.15789,60262113
TQQQ,2018-06-07,7.37398,7.19385,7.37781,7.08028,82038137
TQQQ,2018-06-08,7.08028,7.18904,7.21969,7.03238,51575073
TQQQ,2018-06-11,7.17083,7.2451,7.29878,7.16748,42702690
TQQQ,2018-06-12,7.2748,7.35962,7.3788,7.25228,50035051
TQQQ,2018-06-13,7.38741,7.35147,7.5225,7.30833,75549841
TQQQ,2018-06-14,7.45686,7.57521,7.60971,7.43625,94587663
TQQQ,2018-06-15,7.48754,7.49949,7.54167,7.38741,81241402
TQQQ,2018-06-18,7.35147,7.48273,7.50094,7.282,71868382
TQQQ,2018-06-19,7.19477,7.41566,7.41854,7.12676,112554141
TQQQ,2018-06-20,7.51388,7.57138,7.66577,7.49857,83286009
TQQQ,2018-06-21,7.62407,7.37543,7.649,7.33134,106956112
TQQQ,2018-06-22,7.44919,7.30115,7.45686,7.2451,65071638
TQQQ,2018-06-25,7.12676,6.835,7.15647,6.63282,179137124
TQQQ,2018-06-26,6.9011,6.91068,7.02662,6.8254,98470362
TQQQ,2018-06-27,6.99788,6.63282,7.09082,6.61268,137865320
TQQQ,2018-06-28,6.60069,6.79568,6.86277,6.55901,116388300
TQQQ,2018-06-29,6.89343,6.82683,6.9998,6.82061,82125741
TQQQ,2018-07-02,6.6534,6.97968,6.98829,6.60789,87104564
TQQQ,2018-07-03,7.0549,6.73916,7.06208,6.72095,59004974
TQQQ,2018-07-05,6.87235,6.98686,7.00363,6.76457,68622564
TQQQ,2018-07-06,7.02998,7.30115,7.32655,6.99499,78440701
TQQQ,2018-07-09,7.42047,7.50431,7.51293,7.33805,75685977
TQQQ,2018-07-10,7.53688,7.5225,7.57281,7.44441,69836990
TQQQ,2018-07-11,7.35147,7.41232,7.49039,7.32655,83478725
TQQQ,2018-07-12,7.50334,7.77787,7.78411,7.48754,85070785
TQQQ,2018-07-13,7.77934,7.80087,7.84543,7.72086,71010115
TQQQ,2018-07-16,7.80662,7.74818,7.84877,7.70744,58099578
TQQQ,2018-07-17,7.5067,7.89189,7.93694,7.50431,79049379
TQQQ,2018-07-18,7.88949,7.84161,7.91152,7.76973,48665412
TQQQ,2018-07-19,7.76493,7.72565,7.83681,7.69547,80388445
TQQQ,2018-07-20,7.78889,7.71464,7.86889,7.68972,60240281
TQQQ,2018-07-23,7.64659,7.78172,7.79703,7.55462,65907989
TQQQ,2018-07-24,8.02699,7.88088,8.11035,7.78745,99412150
TQQQ,2018-07-25,7.89189,8.21002,8.22535,7.88518,82190102
TQQQ,2018-07-26,7.87992,7.85117,7.95369,7.80662,117002998
TQQQ,2018-07-27,7.98964,7.52347,7.9968,7.38501,123497255
TQQQ,2018-07-30,7.52491,7.19959,7.53253,7.09082,105414111
TQQQ,2018-07-31,7.27624,7.34285,7.44584,7.16125,100087085
TQQQ,2018-08-01,7.41086,7.44346,7.51054,7.32032,72469471
TQQQ,2018-08-02,7.27959,7.74002,7.76973,7.2724,96459367
TQQQ,2018-08-03,7.78075,7.80902,7.8162,7.68589,75431371
TQQQ,2018-08-06,7.79945,7.95273,7.95706,7.76877,71179429
TQQQ,2018-08-07,8.01502,8.03034,8.08066,7.96712,75260371
TQQQ,2018-08-08,8.00401,8.05191,8.11035,7.93694,66378879
TQQQ,2018-08-09,8.04474,8.04474,8.14008,8.01167,57023066
TQQQ,2018-08-10,7.88472,7.85693,7.95514,7.77211,89541073
TQQQ,2018-08-13,7.90005,7.83441,8.05288,7.82387,96910879
TQQQ,2018-08-14,7.92064,7.97909,8.00785,7.79703,63503155
TQQQ,2018-08-15,7.79849,7.68875,7.86554,7.54023,121153460
TQQQ,2018-08-16,7.85836,7.75918,7.90721,7.71368,68120257
TQQQ,2018-08-17,7.6969,7.75775,7.82005,7.55605,73474359
TQQQ,2018-08-20,7.81428,7.74241,7.82101,7.65044,70545454
TQQQ,2018-08-21,7.81044,7.82243,7.96328,7.79513,70135377
TQQQ,2018-08-22,7.76973,7.91345,7.93981,7.74482,66208037
TQQQ,2018-08-23,7.87369,7.87369,8.03993,7.83825,74385691
TQQQ,2018-08-24,7.95754,8.09265,8.11277,7.94891,66880325
TQQQ,2018-08-27,8.22296,8.33652,8.33747,8.17839,76181186
TQQQ,2018-08-28,8.4055,8.37341,8.43568,8.32453,68206793
TQQQ,2018-08-29,8.41653,8.66611,8.67811,8.40932,68740374
TQQQ,2018-08-30,8.61344,8.61726,8.76866,8.52815,91879784
TQQQ,2018-08-31,8.58517,8.64217,8.72028,8.55499,66068462
TQQQ,2018-09-04,8.56742,8.53966,8.61008,8.39495,83875978
TQQQ,2018-09-05,8.48696,8.20043,8.49079,8.119,112653968
TQQQ,2018-09-06,8.21481,7.97668,8.23972,7.81524,120785227
TQQQ,2018-09-07,7.81286,7.89765,8.09122,7.79609,80529599
TQQQ,2018-09-10,8.01935,7.96712,8.03514,7.83299,57983881
TQQQ,2018-09-11,7.86173,8.14389,8.18607,7.80566,73746414
TQQQ,2018-09-12,8.11035,8.07349,8.12713,7.86411,92296231
TQQQ,2018-09-13,8.21194,8.31255,8.37005,8.20858,78090000
TQQQ,2018-09-14,8.34226,8.24932,8.38442,8.15348,80193567
TQQQ,2018-09-17,8.20235,7.90148,8.22774,7.87273,76152149
TQQQ,2018-09-18,7.91825,8.0888,8.2057,7.90628,76084106
TQQQ,2018-09-19,8.09265,8.07108,8.14965,7.91201,61657425
TQQQ,2018-09-20,8.22632,8.32453,8.36526,8.17167,65548915
TQQQ,2018-09-21,8.39879,8.1918,8.43665,8.16545,63036866
TQQQ,2018-09-24,8.02221,8.26227,8.27038,7.91825,55291965
TQQQ,2018-09-25,8.24691,8.29579,8.31111,8.16545,45236797
TQQQ,2018-09-26,8.30299,8.28764,8.54349,8.26128,74162118
TQQQ,2018-09-27,8.41028,8.51665,8.60386,8.39495,61200645
TQQQ,2018-09-28,8.44383,8.50373,8.57702,8.40072,64685548
TQQQ,2018-10-01,8.66611,8.55307,8.74662,8.49652,71351490
TQQQ,2018-10-02,8.53007,8.50373,8.69727,8.44383,67749195
TQQQ,2018-10-03,8.6077,8.5291,8.66611,8.4903,69612391
TQQQ,2018-10-04,8.42707,8.04233,8.43665,7.85359,157787390
TQQQ,2018-10-05,8.03276,7.74002,8.10796,7.50907,139000458
TQQQ,2018-10-08,7.63126,7.60109,7.79945,7.32032,124809772
TQQQ,2018-10-09,7.61065,7.66003,7.84161,7.55366,109057191
TQQQ,2018-10-10,7.52968,6.66634,7.53785,6.62706,253957629
TQQQ,2018-10-11,6.57579,6.39612,6.84361,6.19587,232600532
TQQQ,2018-10-12,6.90684,6.93656,6.99499,6.55038,176190168
TQQQ,2018-10-15,6.86853,6.67496,6.89823,6.60502,167037140
TQQQ,2018-10-16,6.89007,7.24988,7.31216,6.85557,130156560
TQQQ,2018-10-17,7.37302,7.27387,7.38501,7.04675,136069123
TQQQ,2018-10-18,7.17948,6.76934,7.18761,6.67112,163496383
TQQQ,2018-10-19,6.90782,6.74202,7.09946,6.66921,141000399
TQQQ,2018-10-22,6.86277,6.84361,7.00267,6.69031,120179955
TQQQ,2018-10-23,6.47756,6.7679,6.87043,6.24328,184862815
TQQQ,2018-10-24,6.74301,5.84802,6.77748,5.81928,214206804
TQQQ,2018-10-25,6.10723,6.44788,6.54702,6.02816,159025819
TQQQ,2018-10-26,5.78574,5.94672,6.31516,5.67553,255950165
TQQQ,2018-10-29,6.21361,5.62906,6.28785,5.24051,227925063
TQQQ,2018-10-30,5.5275,5.8466,5.86335,5.44748,193316472
TQQQ,2018-10-31,6.12638,6.2409,6.41432,6.12638,188393377
TQQQ,2018-11-01,6.29599,6.5135,6.52931,6.14892,131829120
TQQQ,2018-11-02,6.44884,6.22172,6.56619,6.07225,182327840
TQQQ,2018-11-05,6.22556,6.16088,6.23274,5.94814,107290883
TQQQ,2018-11-06,6.14507,6.29121,6.39901,6.12879,116556578
TQQQ,2018-11-07,6.5159,6.86946,6.88049,6.47517,144885460
TQQQ,2018-11-08,6.78852,6.75257,6.85175,6.6534,122897251
TQQQ,2018-11-09,6.56478,6.40954,6.60789,6.25049,142990180
TQQQ,2018-11-12,6.27538,5.8466,6.31035,5.80875,161423907
TQQQ,2018-11-13,5.91319,5.84419,6.15611,5.79053,161515343
TQQQ,2018-11-14,6.00997,5.69567,6.07465,5.60366,163260755
TQQQ,2018-11-15,5.665,6.00037,6.04973,5.52367,177579628
TQQQ,2018-11-16,5.82885,5.93523,6.02434,5.7522,140465273
TQQQ,2018-11-19,5.84802,5.36602,5.87532,5.30759,195017308
TQQQ,2018-11-20,4.98705,5.06801,5.28842,4.86487,212270247
TQQQ,2018-11-21,5.26303,5.18207,5.33345,5.15427,120377521
TQQQ,2018-11-23,5.05367,5.06707,5.22613,5.05031,59480105
TQQQ,2018-11-26,5.28122,5.41491,5.42449,5.21417,125449074
TQQQ,2018-11-27,5.33345,5.47144,5.51313,5.24624,125656592
TQQQ,2018-11-28,5.5941,5.98982,5.99559,5.49875,203981821
TQQQ,2018-11-29,5.91943,5.93523,6.05691,5.79532,134944045
TQQQ,2018-11-30,5.95774,6.05933,6.07704,5.87294,121891720
TQQQ,2018-12-03,6.46462,6.37025,6.49098,6.24567,156170517
TQQQ,2018-12-04,6.28161,5.66979,6.33386,5.62667,219700481
TQQQ,2018-12-06,5.30853,5.7522,5.76419,5.23908,205122878
TQQQ,2018-12-07,5.68991,5.18925,5.78766,5.1399,233181008
TQQQ,2018-12-10,5.15904,5.35166,5.42162,4.99903,184536017
TQQQ,2018-12-11,5.60991,5.40915,5.61806,5.2702,180033219
TQQQ,2018-12-12,5.64439,5.54522,5.80106,5.54283,177197736
TQQQ,2018-12-13,5.65398,5.54668,5.72441,5.44126,172255264
TQQQ,2018-12-14,5.36602,5.1284,5.41876,5.10539,163316641
TQQQ,2018-12-17,5.07665,4.79683,5.19883,4.67277,209763006
TQQQ,2018-12-18,4.91039,4.87735,5.02155,4.75372,165111244
TQQQ,2018-12-19,4.86636,4.52446,5.09103,4.40829,321935949
TQQQ,2018-12-20,4.47919,4.34265,4.63587,4.15147,335484102
TQQQ,2018-12-21,4.38099,3.9232,4.47202,3.85037,385904042
TQQQ,2018-12-24,3.82521,3.63261,3.97925,3.62423,183627925
TQQQ,2018-12-26,3.74641,4.29213,4.30169,3.66734,395005408
TQQQ,2018-12-27,4.14142,4.3532,4.3568,3.84462,356990443
TQQQ,2018-12-28,4.42865,4.33522,4.56163,4.23318,318358542
TQQQ,2018-12-31,4.47178,4.43345,4.51012,4.31485,226586097
TQQQ,2019-01-02,4.163,4.49693,4.57598,4.157,283710368
TQQQ,2019-01-03,4.30647,4.06115,4.35846,4.02524,345164300
TQQQ,2019-01-04,4.25497,4.58078,4.63922,4.20923,285066449
TQQQ,2019-01-07,4.60473,4.7269,4.80547,4.56401,222554840
TQQQ,2019-01-08,4.87063,4.86298,4.92045,4.656,221004741
TQQQ,2019-01-09,4.9219,4.97796,5.04742,4.85962,185994763
TQQQ,2019-01-10,4.86441,5.02587,5.03064,4.78297,182896402
TQQQ,2019-01-11,4.93627,4.96597,4.98276,4.88499,126160710
TQQQ,2019-01-14,4.83901,4.83709,4.90033,4.77098,116321342
TQQQ,2019-01-15,4.90033,5.10492,5.13702,4.89077,151547596
TQQQ,2019-01-16,5.14324,5.1121,5.24962,5.10828,141917566
TQQQ,2019-01-17,5.06323,5.23189,5.29896,5.03448,148337703
TQQQ,2019-01-18,5.35261,5.37562,5.45898,5.24865,174307110
TQQQ,2019-01-22,5.2678,5.07855,5.27596,4.94586,189792154
TQQQ,2019-01-23,5.14086,5.08337,5.20698,4.90945,173457719
TQQQ,2019-01-24,5.12553,5.17344,5.1974,5.06801,133783042
TQQQ,2019-01-25,5.29752,5.35741,5.40626,5.24483,145699545
TQQQ,2019-01-28,5.14803,5.16002,5.16002,5.02826,146582599
TQQQ,2019-01-29,5.1696,5.0139,5.17199,4.95881,127963461
TQQQ,2019-01-30,5.183,5.39,5.44844,5.13369,183619618
TQQQ,2019-01-31,5.48436,5.62667,5.71194,5.46761,167694742
TQQQ,2019-02-01,5.54668,5.5548,5.67553,5.51313,147838093
TQQQ,2019-02-04,5.56246,5.75843,5.76465,5.54668,115896939
TQQQ,2019-02-05,5.78958,5.91031,5.93665,5.7819,134632985
TQQQ,2019-02-06,5.9223,5.86383,5.95248,5.78382,151867522
TQQQ,2019-02-07,5.70573,5.62428,5.74884,5.49253,219095059
TQQQ,2019-02-08,5.47144,5.65302,5.65542,5.45802,151138596
TQQQ,2019-02-11,5.71769,5.64009,5.75843,5.597,126570595
TQQQ,2019-02-12,5.76081,5.88443,5.91173,5.73257,133911322
TQQQ,2019-02-13,5.96779,5.89594,6.01858,5.87965,133267821
TQQQ,2019-02-14,5.82885,5.91749,5.97881,5.77183,160169790
TQQQ,2019-02-15,6.04541,5.98842,6.04685,5.90791,148813677
TQQQ,2019-02-19,5.93187,6.02434,6.07894,5.93187,108164544
TQQQ,2019-02-20,6.03872,6.01956,6.10771,5.9242,178650021
TQQQ,2019-02-21,5.96923,5.95103,6.01858,5.85664,134190623
TQQQ,2019-02-22,5.99175,6.0804,6.09477,5.98122,124942034
TQQQ,2019-02-25,6.22556,6.14744,6.26963,6.1355,129604804
TQQQ,2019-02-26,6.09957,6.16664,6.22413,6.07081,110028224
TQQQ,2019-02-27,6.08374,6.14744,6.17382,5.95966,120980389
TQQQ,2019-02-28,6.09332,6.10913,6.17334,6.05691,96144842
TQQQ,2019-03-01,6.23852,6.2313,6.25861,6.10674,146370839
TQQQ,2019-03-04,6.34007,6.23228,6.3832,6.02625,222535696
TQQQ,2019-03-05,6.24567,6.24807,6.30556,6.15466,104798370
TQQQ,2019-03-06,6.26342,6.14028,6.26963,6.11153,128943211
TQQQ,2019-03-07,6.08997,5.91654,6.09716,5.84467,176813324
TQQQ,2019-03-08,5.71388,5.88301,5.89115,5.69281,182692816
TQQQ,2019-03-11,5.95248,6.25049,6.261,5.95248,134164016
TQQQ,2019-03-12,6.29933,6.35207,6.39994,6.25384,158328101
TQQQ,2019-03-13,6.44788,6.49004,6.594,6.42297,151564210
TQQQ,2019-03-14,6.50152,6.46126,6.52547,6.45169,99674561
TQQQ,2019-03-15,6.5365,6.6213,6.69555,6.51879,145001926
TQQQ,2019-03-18,6.62752,6.68118,6.74349,6.58776,155600018
TQQQ,2019-03-19,6.76743,6.74828,6.85607,6.66588,171669261
TQQQ,2019-03-20,6.74682,6.82638,6.95093,6.65627,191591490
TQQQ,2019-03-21,6.76262,7.14209,7.1718,6.75928,158638418
TQQQ,2019-03-22,7.04866,6.67496,7.10616,6.65005,279366806
TQQQ,2019-03-25,6.59256,6.63327,6.70181,6.48715,219619047
TQQQ,2019-03-26,6.78803,6.7243,6.90684,6.62274,183604649
TQQQ,2019-03-27,6.75162,6.59256,6.79856,6.44788,184584089
TQQQ,2019-03-28,6.6419,6.63472,6.7085,6.51731,134084259
TQQQ,2019-03-29,6.78035,6.7842,6.80336,6.66681,132562997
TQQQ,2019-04-01,6.98063,7.05108,7.07645,6.90877,127744931
TQQQ,2019-04-02,7.07502,7.12918,7.15024,7.01991,111421399
TQQQ,2019-04-03,7.24894,7.25228,7.38643,7.18521,158282742
TQQQ,2019-04-04,7.25374,7.24174,7.33709,7.11575,149935106
TQQQ,2019-04-05,7.31123,7.35051,7.3639,7.27769,109256110
TQQQ,2019-04-08,7.31362,7.40797,7.42238,7.22738,108009081
TQQQ,2019-04-09,7.33277,7.32655,7.40323,7.28007,108699770
TQQQ,2019-04-10,7.35913,7.44538,7.45016,7.33086,103607111
TQQQ,2019-04-11,7.47266,7.38883,7.47506,7.34715,116684716
TQQQ,2019-04-12,7.4837,7.47986,7.49522,7.39123,99414629
TQQQ,2019-04-15,7.47986,7.48563,7.50907,7.33519,87034735
TQQQ,2019-04-16,7.56131,7.55893,7.60922,7.49424,98432792
TQQQ,2019-04-17,7.70602,7.63414,7.72996,7.5685,119453299
TQQQ,2019-04-18,7.67295,7.65808,7.67631,7.52778,95943744
TQQQ,2019-04-22,7.56131,7.72277,7.73379,7.54311,79087350
TQQQ,2019-04-23,7.78411,8.01647,8.04616,7.75008,109568647
TQQQ,2019-04-24,8.03418,7.93835,8.06772,7.935,99255760
TQQQ,2019-04-25,8.11419,8.02606,8.12475,7.90628,124953004
TQQQ,2019-04-26,7.99969,8.05575,8.05813,7.79464,115375605
TQQQ,2019-04-29,8.05335,8.09886,8.13814,8.01502,87481989
TQQQ,2019-04-30,7.90243,7.91345,7.95179,7.74338,133204912
TQQQ,2019-05-01,8.06054,7.82243,8.13099,7.8138,131452413
TQQQ,2019-05-02,7.82481,7.72661,7.94219,7.57281,147500459
TQQQ,2019-05-03,7.91919,8.09025,8.1123,7.87752,113677073
TQQQ,2019-05-06,7.58049,7.94556,7.97668,7.53832,168825631
TQQQ,2019-05-07,7.68828,7.4837,7.78507,7.26139,247972791
TQQQ,2019-05-08,7.40797,7.41758,7.59006,7.32655,168326964
TQQQ,2019-05-09,7.17948,7.3002,7.37445,6.97679,230108679
TQQQ,2019-05-10,7.21299,7.32079,7.42717,6.85366,237876731
TQQQ,2019-05-13,6.76262,6.56381,6.8762,6.49816,245249576
TQQQ,2019-05-14,6.65963,6.76982,6.89439,6.58918,146355703
TQQQ,2019-05-15,6.64046,7.05108,7.11094,6.63233,183905598
TQQQ,2019-05-16,7.06448,7.27145,7.40226,7.041,181677475
TQQQ,2019-05-17,7.05108,7.04531,7.34476,7.02472,190534530
TQQQ,2019-05-20,6.75066,6.6922,6.82828,6.61506,192474811
TQQQ,2019-05-21,6.85703,6.89343,6.9495,6.79283,119520599
TQQQ,2019-05-22,6.77464,6.80336,6.91834,6.77222,134580446
TQQQ,2019-05-23,6.56813,6.48234,6.57099,6.35876,216812209
TQQQ,2019-05-24,6.594,6.47277,6.65723,6.45124,143259128
TQQQ,2019-05-28,6.53029,6.4033,6.63472,6.39756,122042792
TQQQ,2019-05-29,6.28496,6.2428,6.34581,6.13741,185743873
TQQQ,2019-05-30,6.28977,6.31755,6.36738,6.20736,142426084
TQQQ,2019-05-31,6.09094,6.01285,6.15562,6.00325,146782453
TQQQ,2019-06-03,5.9654,5.62859,6.01091,5.52318,252444816
TQQQ,2019-06-04,5.79532,6.0847,6.09237,5.73686,171074016
TQQQ,2019-06-05,6.261,6.21886,6.26484,6.03105,159013931
TQQQ,2019-06-06,6.25049,6.36257,6.41144,6.16759,104712260
TQQQ,2019-06-07,6.4656,6.72575,6.81536,6.44404,158211159
TQQQ,2019-06-10,6.86805,6.97107,7.16271,6.86805,191329688
TQQQ,2019-06-11,7.19144,6.99741,7.22832,6.92697,143490290
TQQQ,2019-06-12,6.93656,6.87907,6.98063,6.83689,115020155
TQQQ,2019-06-13,6.96052,6.99118,7.04389,6.91834,102892711
TQQQ,2019-06-14,6.88097,6.90014,6.95667,6.82348,80536678
TQQQ,2019-06-17,6.94326,7.02615,7.08461,6.92553,78350049
TQQQ,2019-06-18,7.27387,7.33037,7.48228,7.22116,148065314
TQQQ,2019-06-19,7.36727,7.41662,7.46645,7.23216,143001768
TQQQ,2019-06-20,7.72183,7.61975,7.72661,7.45111,124602722
TQQQ,2019-06-21,7.58049,7.58528,7.72758,7.53736,109247602
TQQQ,2019-06-24,7.62599,7.58286,7.64995,7.56898,71969586
TQQQ,2019-06-25,7.56515,7.19477,7.57664,7.15789,145762153
TQQQ,2019-06-26,7.33037,7.28583,7.46931,7.25611,98253435
TQQQ,2019-06-27,7.36487,7.36487,7.42188,7.30977,78579416
TQQQ,2019-06-28,7.42141,7.39603,7.44633,7.31698,103282726
TQQQ,2019-07-01,7.81857,7.69066,7.84877,7.59006,151573719
TQQQ,2019-07-02,7.68252,7.78411,7.78411,7.61975,84820763
TQQQ,2019-07-03,7.83299,7.95657,7.95657,7.8138,70078697
TQQQ,2019-07-05,7.7932,7.90482,7.94938,7.70025,121982138
TQQQ,2019-07-08,7.75775,7.7386,7.75871,7.64181,110438176
TQQQ,2019-07-09,7.62362,7.85452,7.88088,7.60683,92490241
TQQQ,2019-07-10,7.99826,8.08689,8.15253,7.95032,160884908
TQQQ,2019-07-11,8.12666,8.06534,8.17839,7.98772,133470530
TQQQ,2019-07-12,8.08831,8.20043,8.20329,8.06723,93113981
TQQQ,2019-07-15,8.25697,8.27038,8.28475,8.19086,76621185
TQQQ,2019-07-16,8.24355,8.15253,8.27135,8.07489,116915936
TQQQ,2019-07-17,8.15635,8.0318,8.19373,8.02699,96575040
TQQQ,2019-07-18,7.91106,8.06629,8.10077,7.83441,142259275
TQQQ,2019-07-19,8.22584,7.87128,8.22632,7.85117,146968698
TQQQ,2019-07-22,7.93119,8.0567,8.10943,7.92877,99695016
TQQQ,2019-07-23,8.19086,8.2129,8.21623,8.02699,121152132
TQQQ,2019-07-24,8.12283,8.38732,8.38732,8.11803,114048061
TQQQ,2019-07-25,8.3025,8.14775,8.30393,8.09886,156673149
TQQQ,2019-07-26,8.2977,8.38969,8.42801,8.28811,116379742
TQQQ,2019-07-29,8.37675,8.31208,8.37675,8.15061,118255862
TQQQ,2019-07-30,8.12043,8.20043,8.2953,8.10127,116406150
TQQQ,2019-07-31,8.2656,7.85452,8.27997,7.62742,204972975
TQQQ,2019-08-01,7.89765,7.74433,8.33365,7.61975,311503473
TQQQ,2019-08-02,7.56708,7.38979,7.59486,7.25611,257776318
TQQQ,2019-08-05,6.93752,6.61411,6.93752,6.42728,315784469
TQQQ,2019-08-06,6.79138,6.88578,6.94231,6.64525,222929234
TQQQ,2019-08-07,6.65867,6.98638,7.01991,6.50152,321446684
TQQQ,2019-08-08,7.09321,7.44873,7.45111,7.02711,228686842
TQQQ,2019-08-09,7.33519,7.22832,7.41375,7.06064,231099574
TQQQ,2019-08-12,7.09801,6.98638,7.16365,6.88721,222690157
TQQQ,2019-08-13,6.97345,7.44538,7.59006,6.94422,251028065
TQQQ,2019-08-14,7.08221,6.77843,7.15311,6.73628,318337486
TQQQ,2019-08-15,6.81295,6.7497,6.86277,6.594,220116168
TQQQ,2019-08-16,6.91834,7.06064,7.12293,6.91834,172146195
TQQQ,2019-08-19,7.3601,7.39123,7.45208,7.3002,125654555
TQQQ,2019-08-20,7.35289,7.23935,7.42956,7.23312,131198283
TQQQ,2019-08-21,7.42717,7.42334,7.49424,7.34858,106444463
TQQQ,2019-08-22,7.46645,7.35195,7.5182,7.17565,159968559
TQQQ,2019-08-23,7.19959,6.67879,7.39937,6.59496,316127263
TQQQ,2019-08-26,6.88385,6.9495,6.95189,6.76023,153350263
TQQQ,2019-08-27,7.09416,6.90782,7.13155,6.82491,161948739
TQQQ,2019-08-28,6.83786,6.97679,7.01321,6.73531,133692266
TQQQ,2019-08-29,7.23455,7.29444,7.3553,7.15311,148325263
TQQQ,2019-08-30,7.41375,7.24271,7.41566,7.11959,142244948
TQQQ,2019-09-03,7.09898,7.03189,7.20581,6.95811,134905131
TQQQ,2019-09-04,7.22976,7.32799,7.34812,7.17466,105298756
TQQQ,2019-09-05,7.56995,7.73234,7.79609,7.55845,132689924
TQQQ,2019-09-06,7.76493,7.71077,7.77787,7.65808,120096275
TQQQ,2019-09-09,7.77934,7.66193,7.79129,7.53975,117250932
TQQQ,2019-09-10,7.5364,7.59869,7.60059,7.38501,142778754
TQQQ,2019-09-11,7.63318,7.80326,7.81764,7.58286,116298558
TQQQ,2019-09-12,7.94796,7.90005,8.07971,7.86554,146083248
TQQQ,2019-09-13,7.86651,7.8162,7.91919,7.78266,112341422
TQQQ,2019-09-16,7.66193,7.7084,7.75582,7.63893,101393924
TQQQ,2019-09-17,7.70602,7.81044,7.81764,7.66096,95359853
TQQQ,2019-09-18,7.76589,7.80566,7.81524,7.51341,149017096
TQQQ,2019-09-19,7.84543,7.84016,7.98579,7.79464,139165539
TQQQ,2019-09-20,7.87369,7.59387,7.89668,7.51244,129856329
TQQQ,2019-09-23,7.57664,7.60059,7.66769,7.50767,95836679
TQQQ,2019-09-24,7.70504,7.3002,7.75153,7.20101,214814697
TQQQ,2019-09-25,7.27529,7.53352,7.59581,7.09178,160469529
TQQQ,2019-09-26,7.51098,7.4583,7.52683,7.28727,143258594
TQQQ,2019-09-27,7.48945,7.18761,7.50191,7.02425,196953607
TQQQ,2019-09-30,7.25611,7.37924,7.41375,7.21781,124075870
TQQQ,2019-10-01,7.46167,7.20101,7.58528,7.16271,166737233
TQQQ,2019-10-02,7.05586,6.83212,7.05586,6.70754,284009222
TQQQ,2019-10-03,6.82732,7.05729,7.06016,6.57482,252046979
TQQQ,2019-10-04,7.1493,7.35433,7.38501,7.13491,178362404
TQQQ,2019-10-07,7.28727,7.28583,7.46309,7.24844,170362096
TQQQ,2019-10-08,7.14113,6.95428,7.24174,6.94468,247186216
TQQQ,2019-10-09,7.13634,7.16508,7.2571,7.07168,163842625
TQQQ,2019-10-10,7.16605,7.32176,7.40797,7.14593,188080647
TQQQ,2019-10-11,7.56995,7.59581,7.78266,7.56035,233258260
TQQQ,2019-10-14,7.5733,7.60442,7.67631,7.55077,96909668
TQQQ,2019-10-15,7.67295,7.89285,7.9446,7.65954,148027219
TQQQ,2019-10-16,7.80902,7.83441,7.89189,7.75775,123855286
TQQQ,2019-10-17,7.96951,7.88805,8.00544,7.79945,127590762
TQQQ,2019-10-18,7.85693,7.66193,7.90628,7.54215,161368246
TQQQ,2019-10-21,7.78649,7.86411,7.88088,7.71464,98839229
TQQQ,2019-10-22,7.94556,7.68252,7.9901,7.67198,132205033
TQQQ,2019-10-23,7.62839,7.71799,7.72421,7.59101,103041354
TQQQ,2019-10-24,7.8871,7.93981,7.95466,7.77835,130094295
TQQQ,2019-10-25,7.81764,8.12043,8.14102,7.81286,134856942
TQQQ,2019-10-28,8.24501,8.36812,8.40166,8.24501,116502153
TQQQ,2019-10-29,8.32787,8.17552,8.36332,8.16976,111733995
TQQQ,2019-10-30,8.21864,8.29051,8.33123,8.07875,124215996
TQQQ,2019-10-31,8.35376,8.29625,8.37196,8.15542,128717200
TQQQ,2019-11-01,8.40646,8.52143,8.52383,8.36767,120111261
TQQQ,2019-11-04,8.69391,8.6738,8.73705,8.63547,104320133
TQQQ,2019-11-05,8.71309,8.68432,8.73799,8.6077,107768677
TQQQ,2019-11-06,8.66276,8.62924,8.66661,8.50708,120400121
TQQQ,2019-11-07,8.7658,8.71692,8.8846,8.64122,131246406
TQQQ,2019-11-08,8.66519,8.81945,8.82328,8.6005,85226757
TQQQ,2019-11-11,8.68914,8.78254,8.79549,8.65081,79625823
TQQQ,2019-11-12,8.80317,8.85443,8.94688,8.76484,134349868
TQQQ,2019-11-13,8.76819,8.84149,8.88797,8.74759,117697327
TQQQ,2019-11-14,8.7634,8.83861,8.85682,8.68195,112748768
TQQQ,2019-11-15,8.99337,9.00535,9.02067,8.91527,94632839
TQQQ,2019-11-18,8.99337,9.0523,9.09734,8.88174,101255526
TQQQ,2019-11-19,9.15626,9.0892,9.15626,8.99098,117361162
TQQQ,2019-11-20,9.0221,8.92964,9.10357,8.71933,157876138
TQQQ,2019-11-21,8.89899,8.86065,8.91432,8.78254,94645387
TQQQ,2019-11-22,8.92773,8.8846,8.94545,8.73705,87346980
TQQQ,2019-11-25,8.9948,9.1922,9.19796,8.99193,84395583
TQQQ,2019-11-26,9.20899,9.2473,9.2813,9.1716,87759128
TQQQ,2019-11-27,9.31294,9.43512,9.43561,9.28179,84888130
TQQQ,2019-11-29,9.36468,9.30813,9.4078,9.29137,56161343
TQQQ,2019-12-02,9.30813,9.00917,9.31437,8.86401,159402150
TQQQ,2019-12-03,8.65703,8.80654,8.81609,8.51426,164051220
TQQQ,2019-12-04,8.94306,8.93731,9.00101,8.90091,92101621
TQQQ,2019-12-05,9.03025,8.98378,9.03169,8.8573,93652813
TQQQ,2019-12-06,9.1812,9.26166,9.29378,9.16442,97117470
TQQQ,2019-12-09,9.23053,9.14765,9.3551,9.13758,81683605
TQQQ,2019-12-10,9.15388,9.12752,9.25306,9.06189,117327474
TQQQ,2019-12-11,9.1812,9.26502,9.29521,9.14285,95384524
TQQQ,2019-12-12,9.23533,9.47679,9.57885,9.19796,192129972
TQQQ,2019-12-13,9.45427,9.56207,9.66515,9.39438,168149402
TQQQ,2019-12-16,9.74896,9.83614,9.88648,9.74176,104299820
TQQQ,2019-12-17,9.88648,9.84962,9.91271,9.8184,88406895
TQQQ,2019-12-18,9.89565,9.87207,9.9718,9.85916,74862700
TQQQ,2019-12-19,9.89743,10.0733,10.0795,9.89743,87224236
TQQQ,2019-12-20,10.2052,10.193,10.2396,10.1293,104065068
TQQQ,2019-12-23,10.2999,10.2683,10.319,10.2458,75745028
TQQQ,2019-12-24,10.2952,10.2818,10.3096,10.2108,41638375
TQQQ,2019-12-26,10.3287,10.5491,10.5538,10.3277,67599659
TQQQ,2019-12-27,10.6611,10.5177,10.6676,10.4388,104224539
TQQQ,2019-12-30,10.5078,10.3082,10.5236,10.1573,118071779
TQQQ,2019-12-31,10.2171,10.367,10.392,10.1643,88107023
TQQQ,2020-01-02,10.6258,10.8805,10.8805,10.5668,137164654
TQQQ,2020-01-03,10.4553,10.5845,10.7801,10.4494,151656464
TQQQ,2020-01-06,10.3335,10.7857,10.7895,10.2952,134388974
TQQQ,2020-01-07,10.7967,10.7728,10.8735,10.6792,120077031
TQQQ,2020-01-08,10.7751,11.0206,11.1729,10.7236,167237837
TQQQ,2020-01-09,11.2868,11.2984,11.3621,11.1058,152764243
TQQQ,2020-01-10,11.4257,11.2066,11.4354,11.1546,143762186
TQQQ,2020-01-13,11.3463,11.5983,11.6041,11.2966,122400480
TQQQ,2020-01-14,11.5681,11.4627,11.6366,11.4053,153116146
TQQQ,2020-01-15,11.4725,11.4701,11.6339,11.3573,138801990
TQQQ,2020-01-16,11.632,11.7898,11.7966,11.562,126380751
TQQQ,2020-01-17,11.9434,11.9659,11.9939,11.7694,150698697
TQQQ,2020-01-21,11.8618,11.9595,12.0392,11.8533,144937590
TQQQ,2020-01-22,12.1253,12.041,12.2519,11.9992,142084826
TQQQ,2020-01-23,12.0171,12.1527,12.1686,11.8543,149849264
TQQQ,2020-01-24,12.3251,11.838,12.362,11.6799,249811592
TQQQ,2020-01-27,11.0493,11.1058,11.3003,10.8016,207286590
TQQQ,2020-01-28,11.3369,11.6223,11.699,11.2568,179355495
TQQQ,2020-01-29,11.813,11.664,11.8533,11.5203,144613022
TQQQ,2020-01-30,11.4507,11.7956,11.8101,11.3369,208980505
TQQQ,2020-01-31,11.9395,11.2159,11.9481,11.1086,229993123
TQQQ,2020-02-03,11.3922,11.7309,11.8172,11.3703,181779815
TQQQ,2020-02-04,12.2173,12.5325,12.6064,12.1001,146364269
TQQQ,2020-02-05,13.003,12.6771,13.0053,12.4434,182225308
TQQQ,2020-02-06,12.7577,12.9864,13.0008,12.6255,118065860
TQQQ,2020-02-07,12.8138,12.8187,13.0328,12.7108,160768743
TQQQ,2020-02-10,12.6942,13.281,13.2847,12.6845,128622900
TQQQ,2020-02-11,13.4989,13.2904,13.6395,13.1851,202218936
TQQQ,2020-02-12,13.5214,13.6795,13.697,13.427,126910075
TQQQ,2020-02-13,13.3901,13.6268,13.7864,13.3408,162052890
TQQQ,2020-02-14,13.681,13.7193,13.7737,13.5445,118939054
TQQQ,2020-02-18,13.5253,13.7434,13.8263,13.4861,136853201
TQQQ,2020-02-19,13.9908,14.141,14.2295,13.9417,110232720
TQQQ,2020-02-20,14.0501,13.7385,14.1314,13.2224,237583988
TQQQ,2020-02-21,13.5422,12.9527,13.6043,12.7836,216455999
TQQQ,2020-02-24,11.5322,11.4602,11.9273,11.2149,281432303
TQQQ,2020-02-25,11.7295,10.5332,11.8475,10.4135,313908482
TQQQ,2020-02-26,10.6938,10.6782,11.2266,10.4388,355386419
TQQQ,2020-02-27,9.85768,9.08151,10.3497,9.05278,443652103
TQQQ,2020-02-28,8.19373,9.22288,9.27461,8.08497,516946095
TQQQ,2020-03-02,9.495,10.482,10.5092,9.09925,379368617
TQQQ,2020-03-03,10.5845,9.495,10.9596,9.20849,572025574
TQQQ,2020-03-04,10.0063,10.6467,10.6782,9.73796,329598122
TQQQ,2020-03-05,9.85051,9.71252,10.392,9.47296,403844204
TQQQ,2020-03-06,8.73322,9.2037,9.35223,8.5042,410677115
TQQQ,2020-03-09,7.36967,7.33422,8.28285,7.30643,424709298
TQQQ,2020-03-10,8.14247,8.47545,8.49558,7.30643,476145790
TQQQ,2020-03-11,7.87895,7.38548,8.05288,7.06687,453800126
TQQQ,2020-03-12,5.92899,5.36125,6.88721,5.31813,645181561
TQQQ,2020-03-13,6.25719,6.80816,6.86469,5.39719,580545880
TQQQ,2020-03-16,4.8462,4.46171,5.82122,4.43057,686992623
TQQQ,2020-03-17,4.71684,5.18877,5.40675,4.28204,795245924
TQQQ,2020-03-18,4.34792,4.70872,4.97078,3.92032,886016844
TQQQ,2020-03-19,4.65313,4.81744,5.27979,4.31199,839899581
TQQQ,2020-03-20,5.14948,4.2533,5.24624,4.20418,816362759
TQQQ,2020-03-23,4.30359,4.26648,4.55154,3.86521,855830368
TQQQ,2020-03-24,4.93867,5.21752,5.23908,4.80645,866005291
TQQQ,2020-03-25,5.29418,5.09678,5.72968,4.92045,871275897
TQQQ,2020-03-26,5.25009,5.92658,5.98889,5.23045,677547795
TQQQ,2020-03-27,5.46568,5.31093,5.78861,5.24483,581435880
TQQQ,2020-03-30,5.45946,5.86909,5.91463,5.39,434786616
TQQQ,2020-03-31,5.82214,5.7062,6.17189,5.6123,763816059
TQQQ,2020-04-01,5.22232,4.99808,5.47623,4.86536,558942476
TQQQ,2020-04-02,4.93483,5.29418,5.31093,4.8831,487916004
TQQQ,2020-04-03,5.25346,5.08096,5.38808,4.89413,578660367
TQQQ,2020-04-06,5.64297,6.14459,6.25142,5.55337,541229710
TQQQ,2020-04-07,6.69555,6.13261,6.74202,6.10865,686699822
TQQQ,2020-04-08,6.31035,6.52452,6.58776,6.1422,540773598
TQQQ,2020-04-09,6.69892,6.54847,6.79378,6.38079,577422380
TQQQ,2020-04-13,6.46798,6.77556,6.81295,6.35681,445578132
TQQQ,2020-04-14,7.1924,7.65522,7.71368,7.11383,511416626
TQQQ,2020-04-15,7.2959,7.40128,7.59293,7.14593,450509901
TQQQ,2020-04-16,7.64277,7.79751,7.91391,7.42047,587464332
TQQQ,2020-04-17,8.10558,7.99251,8.15683,7.66959,483776638
TQQQ,2020-04-20,7.80854,7.73379,8.08642,7.72086,403872073
TQQQ,2020-04-21,7.50527,6.87907,7.56131,6.7449,542140515
TQQQ,2020-04-22,7.31026,7.48754,7.62503,7.22405,287921325
TQQQ,2020-04-23,7.57376,7.43817,7.85647,7.39267,443393114
TQQQ,2020-04-24,7.49087,7.79751,7.83345,7.33134,332248394
TQQQ,2020-04-27,8.04664,7.94938,8.09598,7.86219,318029006
TQQQ,2020-04-28,8.17123,7.51962,8.17265,7.49902,403088228
TQQQ,2020-04-29,8.03083,8.30201,8.4285,7.91585,361194395
TQQQ,2020-04-30,8.43328,8.35663,8.44049,8.13911,397137428
TQQQ,2020-05-01,7.82387,7.6073,8.06248,7.48609,361342270
TQQQ,2020-05-04,7.49039,7.87559,7.89668,7.43482,209508868
TQQQ,2020-05-05,8.1123,8.12666,8.41125,8.04999,301303011
TQQQ,2020-05-06,8.32932,8.28764,8.51906,8.1918,325479386
TQQQ,2020-05-07,8.60386,8.61056,8.71405,8.45197,302112103
TQQQ,2020-05-08,8.80986,8.95838,8.97756,8.68626,274296940
TQQQ,2020-05-11,8.8003,9.1807,9.33068,8.77345,281129299
TQQQ,2020-05-12,9.27941,8.63451,9.35798,8.62782,354160078
TQQQ,2020-05-13,8.6949,8.30774,8.9172,7.99632,512532804
TQQQ,2020-05-14,8.14965,8.58326,8.58661,7.91873,420570575
TQQQ,2020-05-15,8.23013,8.73034,8.75572,8.17936,373407631
TQQQ,2020-05-18,9.10309,9.23628,9.3666,9.00966,310608138
TQQQ,2020-05-19,9.26838,9.16536,9.53047,9.151,272829311
TQQQ,2020-05-20,9.48734,9.70204,9.76321,9.48734,297860462
TQQQ,2020-05-21,9.73068,9.40396,9.81222,9.33403,336763449
TQQQ,2020-05-22,9.35318,9.48879,9.52087,9.22861,218806649
TQQQ,2020-05-26,9.94728,9.44901,9.97988,9.38815,255893410
TQQQ,2020-05-27,9.35607,9.58219,9.58702,8.78926,362433401
TQQQ,2020-05-28,9.4145,9.52087,9.96643,9.40877,318533391
TQQQ,2020-05-29,9.58702,9.91368,9.97988,9.38098,374597955
TQQQ,2020-06-01,9.82849,10.0362,10.0902,9.77774,220369329
TQQQ,2020-06-02,10.0902,10.2362,10.2472,9.77872,261645692
TQQQ,2020-06-03,10.319,10.375,10.4791,10.2062,224409211
TQQQ,2020-06-04,10.3287,10.1643,10.526,9.98406,278024226
TQQQ,2020-06-05,10.2889,10.7666,10.8432,10.2411,293663580
TQQQ,2020-06-08,10.7311,11.0063,11.0292,10.5289,228073321
TQQQ,2020-06-09,10.8864,11.252,11.3764,10.8686,222474457
TQQQ,2020-06-10,11.4938,11.6577,11.8846,11.4242,316118472
TQQQ,2020-06-11,11.0891,9.94171,11.284,9.92012,400045870
TQQQ,2020-06-12,10.575,10.1573,10.7379,9.63394,429835636
TQQQ,2020-06-15,9.71153,10.5157,10.6219,9.58942,415546334
TQQQ,2020-06-16,11.1863,11.0713,11.2735,10.5778,399926683
TQQQ,2020-06-17,11.2793,11.1783,11.434,11.0674,270144800
TQQQ,2020-06-18,11.1323,11.2649,11.3021,11.0243,222063696
TQQQ,2020-06-19,11.6146,11.2495,11.6462,11.0146,302592276
TQQQ,2020-06-22,11.2485,11.6496,11.6847,11.2008,229731371
TQQQ,2020-06-23,11.902,11.9538,12.2916,11.8172,245140215
TQQQ,2020-06-24,11.846,11.2495,12.0343,11.0014,409948990
TQQQ,2020-06-25,11.2485,11.5475,11.5849,10.8686,314858043
TQQQ,2020-06-26,11.5013,10.7177,11.5345,10.6482,392332736
TQQQ,2020-06-29,10.6851,11.0603,11.0713,10.3345,270928653
TQQQ,2020-06-30,11.0579,11.696,11.7956,11.0349,262349672
TQQQ,2020-07-01,11.7214,12.1144,12.2739,11.6472,263131372
TQQQ,2020-07-02,12.4913,12.3716,12.6811,12.3059,238099978
TQQQ,2020-07-06,12.8521,13.281,13.3648,12.8506,221226460
TQQQ,2020-07-07,13.2415,13.02,13.6738,12.9648,256829454
TQQQ,2020-07-08,13.2273,13.5204,13.5278,12.9945,250392728
TQQQ,2020-07-09,13.8233,13.8583,13.9749,13.1588,331444070
TQQQ,2020-07-10,13.8248,14.152,14.1875,13.4017,253375316
TQQQ,2020-07-13,14.6187,13.277,15.0865,13.1381,390916903
TQQQ,2020-07-14,12.8871,13.559,13.6212,12.3841,479796676
TQQQ,2020-07-15,13.7576,13.6258,13.9206,13.1029,383569088
TQQQ,2020-07-16,13.1802,13.3338,13.4582,12.8153,313050851
TQQQ,2020-07-17,13.4345,13.3958,13.5397,13.0558,241075537
TQQQ,2020-07-20,13.5109,14.5361,14.6406,13.3059,262592556
TQQQ,2020-07-21,14.8036,14.0715,14.8132,13.9422,308573182
TQQQ,2020-07-22,14.1538,14.2345,14.3887,13.8521,237721026
TQQQ,2020-07-23,14.1712,13.119,14.2823,12.8841,351326976
TQQQ,2020-07-24,12.5183,12.7309,12.9549,12.0987,372793935
TQQQ,2020-07-27,13.0068,13.4153,13.4812,12.8736,279292519
TQQQ,2020-07-28,13.305,12.9111,13.3807,12.8604,249110376
TQQQ,2020-07-29,13.1381,13.3504,13.488,13.0739,202751465
TQQQ,2020-07-30,13.0438,13.5676,13.6509,12.8594,315376588
TQQQ,2020-07-31,14.2919,14.2991,14.3133,13.5204,375701543
TQQQ,2020-08-03,14.6425,14.8323,14.9876,14.62,227367404
TQQQ,2020-08-04,14.771,15.025,15.0464,14.6537,220208139
TQQQ,2020-08-05,15.1102,15.1448,15.2205,14.9617,170068652
TQQQ,2020-08-06,15.1054,15.7244,15.802,14.9985,200438326
TQQQ,2020-08-07,15.6454,15.2108,15.7891,14.8151,309644869
TQQQ,2020-08-10,15.2444,15.0056,15.2845,14.3934,265399393
TQQQ,2020-08-11,14.7997,14.1538,15.026,14.061,323801608
TQQQ,2020-08-12,14.5051,15.2128,15.3746,14.5051,231517015
TQQQ,2020-08-13,15.3412,15.3195,15.7124,15.1551,244496471
TQQQ,2020-08-14,15.4106,15.275,15.4744,15.0211,208446474
TQQQ,2020-08-17,15.5559,15.7793,15.8538,15.5306,132187426
TQQQ,2020-08-18,15.9823,16.2428,16.3376,15.7254,155823624
TQQQ,2020-08-19,16.2405,15.9255,16.4344,15.845,214822437
TQQQ,2020-08-20,15.7808,16.5811,16.6719,15.7109,159435955
TQQQ,2020-08-21,16.6085,16.927,17.0093,16.505,171443109
TQQQ,2020-08-24,17.5126,17.2408,17.6744,16.8215,262344438
TQQQ,2020-08-25,17.1082,17.6434,17.6609,17.0172,180080798
TQQQ,2020-08-26,17.8794,18.7726,18.811,17.8567,229240995
TQQQ,2020-08-27,18.9944,18.603,19.1491,18.156,315795957
TQQQ,2020-08-28,18.8396,18.8903,19.0121,18.5836,206784843
TQQQ,2020-08-31,18.9897,19.3274,19.7083,18.9035,188263712
TQQQ,2020-09-01,19.8734,20.3312,20.3586,19.5181,202291929
TQQQ,2020-09-02,21.0185,20.9045,21.0417,19.7241,301986729
TQQQ,2020-09-03,19.9704,17.6946,20.0509,17.1068,462341504
TQQQ,2020-09-04,17.4133,16.9654,18.0027,14.8357,585962306
TQQQ,2020-09-08,14.9665,14.5674,16.0465,14.5003,445434666
TQQQ,2020-09-09,15.4552,15.8192,16.194,15.0528,303012122
TQQQ,2020-09-10,16.3521,14.9044,16.5764,14.5817,486252044
TQQQ,2020-09-11,15.2118,14.5784,15.3545,13.9908,402619250
TQQQ,2020-09-14,15.2118,15.3293,15.6678,14.9818,280763454
TQQQ,2020-09-15,15.9698,15.9809,16.2204,15.686,314008668
TQQQ,2020-09-16,16.1133,15.2128,16.2082,15.163,320566527
TQQQ,2020-09-17,14.0389,14.5123,14.8477,13.8999,466328238
TQQQ,2020-09-18,14.7161,13.9518,14.7863,13.2667,483232012
TQQQ,2020-09-21,13.3232,14.117,14.1281,12.948,391679091
TQQQ,2020-09-22,14.5171,14.8882,14.9876,13.9495,328804083
TQQQ,2020-09-23,14.8343,13.5099,14.8706,13.3807,423188203
TQQQ,2020-09-24,13.1381,13.7073,14.2191,13.0759,391388502
TQQQ,2020-09-25,13.7829,14.6679,14.7997,13.5407,338626570
TQQQ,2020-09-28,15.4857,15.5374,15.5711,15.0402,285248879
TQQQ,2020-09-29,15.5087,15.3746,15.6716,15.275,232490837
TQQQ,2020-09-30,15.4025,15.6789,16.2322,15.3613,353539169
TQQQ,2020-10-01,16.3577,16.4134,16.5381,16.0236,290826679
TQQQ,2020-10-02,15.3459,15.0594,16.0061,14.8917,416974524
TQQQ,2020-10-05,15.388,16.0096,16.0622,15.3613,219981502
TQQQ,2020-10-06,15.8578,15.1495,16.1844,14.9905,360719958
TQQQ,2020-10-07,15.5912,15.9459,16.0637,15.4969,234903210
TQQQ,2020-10-08,16.3434,16.1806,16.3626,15.9952,206522173
TQQQ,2020-10-09,16.4744,16.9007,16.9347,16.4047,203785699
TQQQ,2020-10-12,17.7749,18.4769,19.0121,17.5905,306941131
TQQQ,2020-10-13,18.8289,18.4792,18.9642,18.2245,296238404
TQQQ,2020-10-14,18.6446,18.0232,18.8289,17.6848,310962996
TQQQ,2020-10-15,17.1307,17.6505,17.7739,17.0014,259936673
TQQQ,2020-10-16,17.9753,17.3798,18.2383,17.3078,238042497
TQQQ,2020-10-19,17.7319,16.5158,17.9083,16.333,289656802
TQQQ,2020-10-20,16.6467,16.6227,17.1762,16.3601,286687922
TQQQ,2020-10-21,16.6598,16.5796,17.1292,16.4958,253149139
TQQQ,2020-10-22,16.7327,16.5878,16.8893,15.9867,249591100
TQQQ,2020-10-23,16.6979,16.6852,16.7007,16.1566,199419495
TQQQ,2020-10-26,16.2621,15.9246,16.7664,15.2702,330939860
TQQQ,2020-10-27,16.0828,16.3002,16.4334,15.8729,233620673
TQQQ,2020-10-28,15.5017,14.3878,15.5998,14.3494,385548500
TQQQ,2020-10-29,14.6057,15.1198,15.6262,14.5219,288425093
TQQQ,2020-10-30,14.7987,14.0677,14.9395,13.6009,482489886
TQQQ,2020-11-02,14.3484,14.0725,14.6235,13.6077,315451385
TQQQ,2020-11-03,14.371,14.7807,15.141,14.2054,281708381
TQQQ,2020-11-04,16.241,16.7787,17.0853,15.9689,353129134
TQQQ,2020-11-05,17.926,18.0731,18.2723,17.6782,313357160
TQQQ,2020-11-06,17.9514,18.1345,18.2743,17.2551,282088194
TQQQ,2020-11-09,18.647,17.0277,18.9704,16.9463,346195052
TQQQ,2020-11-10,16.4263,16.1088,16.6788,15.6134,352041534
TQQQ,2020-11-11,16.5381,17.1915,17.2709,16.467,264721520
TQQQ,2020-11-12,17.3495,16.9404,17.5978,16.7351,300258992
TQQQ,2020-11-13,17.2217,17.3846,17.4971,16.848,218941874
TQQQ,2020-11-16,17.3381,17.7844,17.8478,17.2174,223068818
TQQQ,2020-11-17,17.823,17.6208,17.8902,17.5028,190669781
TQQQ,2020-11-18,17.5188,17.2121,17.8172,17.2121,161070769
TQQQ,2020-11-19,17.1176,17.6385,17.6898,17.0036,166289345
TQQQ,2020-11-20,17.6133,17.2805,17.7598,17.2626,135661383
TQQQ,2020-11-23,17.466,17.2838,17.696,16.8599,186868141
TQQQ,2020-11-24,17.466,17.9904,18.0902,17.1367,162817591
TQQQ,2020-11-25,18.1728,18.3298,18.4466,18.0202,134288187
TQQQ,2020-11-27,18.6903,18.8299,19.0533,18.6288,96979297
TQQQ,2020-11-30,18.8913,18.9273,19.0185,18.0363,192671927
TQQQ,2020-12-01,19.3791,19.6714,19.9972,19.1765,178242574
TQQQ,2020-12-02,19.4289,19.75,19.816,19.0662,152500780
TQQQ,2020-12-03,19.7978,19.8306,20.1456,19.6857,164327232
TQQQ,2020-12-04,19.8351,20.0738,20.1036,19.7048,132629295
TQQQ,2020-12-07,20.1106,20.4138,20.4845,20.0748,128836045
TQQQ,2020-12-08,20.3201,20.6008,20.6832,19.956,139140384
TQQQ,2020-12-09,20.5826,19.2212,20.6329,18.9991,254764684
TQQQ,2020-12-10,18.81,19.4567,19.6751,18.5968,180904759
TQQQ,2020-12-11,19.1223,19.3202,19.3473,18.6733,177223968
TQQQ,2020-12-14,19.5515,19.7322,20.1285,19.544,153080146
TQQQ,2020-12-15,20.1921,20.3454,20.3633,19.7537,164871065
TQQQ,2020-12-16,20.4543,20.6871,20.871,20.2401,143589625
TQQQ,2020-12-17,21.0387,21.1108,21.162,20.7925,145348043
TQQQ,2020-12-18,21.2677,20.8806,21.3099,20.4255,176114144
TQQQ,2020-12-21,20.3103,20.803,20.9156,19.7251,212473841
TQQQ,2020-12-22,20.9971,20.9669,21.1662,20.3833,169072672
TQQQ,2020-12-23,20.966,20.6507,21.0523,20.6234,124641666
TQQQ,2020-12-24,20.711,20.9189,21.0137,20.6881,80425818
TQQQ,2020-12-28,21.4593,21.5465,21.6507,21.0847,122156547
TQQQ,2020-12-29,21.8417,21.6103,21.9672,21.4172,126424535
TQQQ,2020-12-30,21.8532,21.607,21.9194,21.4728,109376475
TQQQ,2020-12-31,21.5925,21.7756,21.8572,21.3598,111360625
TQQQ,2021-01-04,22.0487,20.8232,22.0856,19.9826,206081888
TQQQ,2021-01-05,20.6354,21.3453,21.3873,20.6354,123888221
TQQQ,2021-01-06,20.3502,20.4628,21.361,20.149,219918350
TQQQ,2021-01-07,21.0054,21.9409,22.1168,21.0034,129088152
TQQQ,2021-01-08,22.4359,22.7913,22.8631,21.9672,159478000
TQQQ,2021-01-11,22.1359,21.7842,22.3913,21.6568,147463037
TQQQ,2021-01-12,21.8139,21.6893,22.0402,21.1287,152398328
TQQQ,2021-01-13,21.7478,22.111,22.3017,21.6205,113491497
TQQQ,2021-01-14,22.219,21.7746,22.4391,21.675,123390632
TQQQ,2021-01-15,21.7286,21.2447,21.9348,20.9708,147869607
TQQQ,2021-01-19,21.7334,22.1661,22.2872,21.5121,126241471
TQQQ,2021-01-20,22.963,23.7113,23.9268,22.8849,127044016
TQQQ,2021-01-21,24.0155,24.3006,24.4681,23.7162,96724223
TQQQ,2021-01-22,24.0538,24.0803,24.3198,23.9268,85448663
TQQQ,2021-01-25,24.8564,24.7486,25.1697,23.1889,159848390
TQQQ,2021-01-26,24.8467,24.7748,25.0527,24.4767,94935155
TQQQ,2021-01-27,24.2574,22.7768,24.2669,22.2787,197136716
TQQQ,2021-01-28,22.9708,23.1122,24.195,22.8415,93946620
TQQQ,2021-01-29,22.7339,21.6726,22.9781,21.2604,192312956
TQQQ,2021-02-01,22.4103,23.2655,23.4837,21.9767,110266214
TQQQ,2021-02-02,23.9292,24.3916,24.6647,23.898,96790266
TQQQ,2021-02-03,24.897,24.1111,24.969,24.1111,99321509
TQQQ,2021-02-04,24.4441,24.9642,24.9856,24.1353,75983343
TQQQ,2021-02-05,25.2013,25.2252,25.4625,24.8107,90391685
TQQQ,2021-02-08,25.6228,25.7186,25.7642,25.2366,80351952
TQQQ,2021-02-09,25.5079,25.7069,26.0086,25.5079,68636385
TQQQ,2021-02-10,26.0589,25.5247,26.1594,24.7845,128934564
TQQQ,2021-02-11,25.9104,25.9368,26.0492,25.3835,103170242
TQQQ,2021-02-12,25.7714,26.3775,26.4231,25.4985,80849465
TQQQ,2021-02-16,26.5811,26.157,26.7968,25.8911,92529457
TQQQ,2021-02-17,25.4479,25.7929,25.8576,24.9162,111292732
TQQQ,2021-02-18,24.9282,25.4456,25.6228,24.5017,115006758
TQQQ,2021-02-19,25.7856,25.1101,25.7954,24.8803,97448477
TQQQ,2021-02-22,24.0848,23.1651,24.3867,23.1169,138522089
TQQQ,2021-02-23,21.9864,22.959,23.3232,20.7023,207963148
TQQQ,2021-02-24,22.3362,23.5123,23.5891,21.7756,128406427
TQQQ,2021-02-25,22.9063,21.0568,23.4932,20.7095,248159510
TQQQ,2021-02-26,21.6521,21.3731,22.3169,20.6617,218444583
TQQQ,2021-03-01,22.3651,23.2369,23.3107,22.0846,139536614
TQQQ,2021-03-02,23.3662,22.123,23.4008,22.0631,158306923
TQQQ,2021-03-03,21.8882,20.2042,22.0871,20.1811,241637767
TQQQ,2021-03-04,20.1155,19.2053,20.7552,18.417,450873699
TQQQ,2021-03-05,19.7132,20.0653,20.2353,17.9739,351334695
TQQQ,2021-03-08,19.9501,18.3499,20.3263,18.2709,246009327
TQQQ,2021-03-09,19.7551,20.5107,20.8774,19.6268,180990547
TQQQ,2021-03-10,21.3829,20.3359,21.4404,20.1968,212238137
TQQQ,2021-03-11,21.3252,21.7468,22.1013,21.1146,165865272
TQQQ,2021-03-12,20.882,21.2056,21.2413,20.379,173853189
TQQQ,2021-03-15,21.275,21.8834,21.9219,20.9323,132891468
TQQQ,2021-03-16,22.3602,22.2428,22.995,21.9434,176128570
TQQQ,2021-03-17,21.5889,22.523,22.9327,21.2268,204932305
TQQQ,2021-03-18,21.4667,20.4558,21.6798,20.3502,239516346
TQQQ,2021-03-19,20.4221,20.7168,20.9732,19.9788,201713802
TQQQ,2021-03-22,21.1503,21.8213,22.2476,21.1503,147253127
TQQQ,2021-03-23,22.0512,21.5359,22.3339,21.361,195967934
TQQQ,2021-03-24,21.8213,20.4484,21.8284,20.4221,198788759
TQQQ,2021-03-25,20.0795,20.3383,20.6448,19.5599,250332831
TQQQ,2021-03-26,20.2952,21.2366,21.3133,20.0101,224437037
TQQQ,2021-03-29,21.1385,21.2245,21.4497,20.5347,198898788
TQQQ,2021-03-30,20.8294,20.9228,21.0306,20.3527,154817760
TQQQ,2021-03-31,21.2701,21.8618,22.1829,21.2031,169030456
TQQQ,2021-04-01,22.6706,22.9732,23.0045,22.6187,151413062
TQQQ,2021-04-05,23.5268,24.3534,24.5256,23.4698,136231195
TQQQ,2021-04-06,24.2813,24.2958,24.7412,24.1257,125865274
TQQQ,2021-04-07,24.2023,24.4752,24.6695,23.9794,103302825
TQQQ,2021-04-08,25.1344,25.2396,25.2828,24.9376,118573084
TQQQ,2021-04-09,24.9186,25.697,25.7427,24.751,135081662
TQQQ,2021-04-12,25.4648,25.5967,25.6899,25.1484,114411889
TQQQ,2021-04-13,25.9631,26.4732,26.5906,25.9008,120036966
TQQQ,2021-04-14,26.5403,25.5438,26.5739,25.3353,168256890
TQQQ,2021-04-15,26.2001,26.672,26.7752,26.169,126064852
TQQQ,2021-04-16,26.8086,26.7846,26.828,26.3272,122610337
TQQQ,2021-04-19,26.387,26.054,26.6793,25.5726,166107876
TQQQ,2021-04-20,25.8841,25.4839,26.1883,25.0072,165184891
TQQQ,2021-04-21,25.1532,26.1284,26.1666,24.9186,115899211
TQQQ,2021-04-22,26.0326,25.1771,26.2624,24.8994,182471573
TQQQ,2021-04-23,25.3257,26.1259,26.4278,25.3257,112587397
TQQQ,2021-04-26,26.1834,26.6434,26.7032,26.0037,104335588
TQQQ,2021-04-27,26.7032,26.2935,26.7512,26.0564,124514606
TQQQ,2021-04-28,26.205,26.0229,26.447,25.8647,124136180
TQQQ,2021-04-29,26.7968,26.2839,26.8853,25.5318,154582557
TQQQ,2021-04-30,25.7019,25.7904,26.3032,25.5581,123604328
TQQQ,2021-05-03,26.054,25.3689,26.2289,25.2563,140074176
TQQQ,2021-05-04,24.7821,24.0322,24.8395,23.1053,220443561
TQQQ,2021-05-05,24.4441,23.752,24.6382,23.5722,142377438
TQQQ,2021-05-06,23.6849,24.2718,24.3099,23.1866,177060530
TQQQ,2021-05-07,24.9066,24.8658,25.4114,24.6194,165626309
TQQQ,2021-05-10,24.5521,22.9973,24.5928,22.9398,192246671
TQQQ,2021-05-11,21.7013,22.8824,23.0548,21.5599,238782800
TQQQ,2021-05-12,21.8044,21.1409,22.3145,20.918,246454468
TQQQ,2021-05-13,21.7037,21.5864,22.1996,21.0977,217697036
TQQQ,2021-05-14,22.25,22.9902,23.2106,22.1398,150553173
TQQQ,2021-05-17,22.6402,22.6022,22.7961,21.9743,144582710
TQQQ,2021-05-18,22.808,22.1278,23.0644,22.0846,137425332
TQQQ,2021-05-19,20.9971,22.2092,22.2763,20.9204,200256031
TQQQ,2021-05-20,22.535,23.4932,23.6826,22.4775,145296654
TQQQ,2021-05-21,23.8454,23.1053,23.9394,23.0235,133719835
TQQQ,2021-05-24,23.6083,24.2622,24.5163,23.5291,96200774
TQQQ,2021-05-25,24.6139,24.3795,24.7796,24.1064,111382186
TQQQ,2021-05-26,24.5209,24.6263,24.7312,24.3676,81437224
TQQQ,2021-05-27,24.5234,24.3389,24.7124,24.3006,86845066
TQQQ,2021-05-28,24.6214,24.5759,24.9366,24.5065,85426046
TQQQ,2021-06-01,24.8779,24.3366,24.9856,24.0238,108391926
TQQQ,2021-06-02,24.4227,24.4636,24.6672,24.0825,86805184
TQQQ,2021-06-03,23.8334,23.6943,24.1161,23.3267,126309092
TQQQ,2021-06-04,24.1064,24.9088,25.0072,24.0825,95150420
TQQQ,2021-06-07,24.7772,25.1295,25.1446,24.6297,64904690
TQQQ,2021-06-08,25.5318,25.1581,25.7331,24.7757,96996824
TQQQ,2021-06-09,25.4791,25.1869,25.6612,25.1367,81195852
TQQQ,2021-06-10,25.2563,25.9582,25.9918,25.1532,122317052
TQQQ,2021-06-11,25.9726,26.1641,26.169,25.8146,71318269
TQQQ,2021-06-14,26.2649,26.8973,26.9189,25.9918,94782998
TQQQ,2021-06-15,26.8349,26.399,26.9118,26.2217,94036825
TQQQ,2021-06-16,26.4995,26.1165,26.7512,25.2779,164657055
TQQQ,2021-06-17,25.8623,27.0912,27.3286,25.8552,150616006
TQQQ,2021-06-18,26.6889,26.4446,26.9686,26.2745,149124681
TQQQ,2021-06-21,26.5019,26.9285,27.0221,25.9655,112404600
TQQQ,2021-06-22,26.9044,27.6807,27.8005,26.8231,108094713
TQQQ,2021-06-23,27.6854,27.7286,28.0184,27.5309,98095133
TQQQ,2021-06-24,28.2053,28.239,28.6248,28.0735,97756548
TQQQ,2021-06-25,28.3849,28.1501,28.4472,27.9922,90786007
TQQQ,2021-06-28,28.4521,29.1467,29.197,28.4449,92658814
TQQQ,2021-06-29,29.1202,29.4748,29.4836,28.9072,77810670
TQQQ,2021-06-30,29.4389,29.3456,29.5372,29.1898,84058421
TQQQ,2021-07-01,29.2449,29.36,29.499,28.9024,87490153
TQQQ,2021-07-02,29.8582,30.3564,30.4593,29.7961,97578643
TQQQ,2021-07-06,30.5339,30.7637,30.8454,29.8248,114378060
TQQQ,2021-07-07,31.3698,30.9602,31.4345,30.4476,120301452
TQQQ,2021-07-08,29.6292,30.4236,30.6298,29.2833,159174275
TQQQ,2021-07-09,30.251,30.9386,31.0943,30.0956,96924866
TQQQ,2021-07-12,31.3339,31.3265,31.4509,30.9166,90924860
TQQQ,2021-07-13,31.2333,31.3098,32.1167,31.0967,124657984
TQQQ,2021-07-14,31.9472,31.48,32.1197,31.274,141974112
TQQQ,2021-07-15,31.48,30.8283,31.5208,30.2942,143174535
TQQQ,2021-07-16,31.0598,30.0716,31.3121,29.9853,132957615
TQQQ,2021-07-19,29.1803,29.3503,29.4655,28.6676,211106032
TQQQ,2021-07-20,29.5708,30.3182,30.735,29.1179,126844000
TQQQ,2021-07-21,30.2583,31.0103,31.0441,30.184,85328219
TQQQ,2021-07-22,31.1062,31.662,31.6693,31.1029,99097515
TQQQ,2021-07-23,32.0286,32.7139,32.8457,31.6923,108428390
TQQQ,2021-07-26,32.5843,32.8502,32.9558,32.3495,89726224
TQQQ,2021-07-27,32.7784,31.7768,32.7784,30.6224,186576956
TQQQ,2021-07-28,32.067,32.1244,32.5462,31.4464,150216011
TQQQ,2021-07-29,31.9759,32.2824,32.6081,31.9722,92503100
TQQQ,2021-07-30,31.2261,31.7988,31.9448,31.207,118050712
TQQQ,2021-08-02,32.2274,31.7891,32.3856,31.626,113877403
TQQQ,2021-08-03,31.9663,32.3425,32.3878,31.1062,132365644
TQQQ,2021-08-04,32.3615,32.5029,32.7615,32.0525,101079899
TQQQ,2021-08-05,32.7139,33.1139,33.1736,32.5316,80712524
TQQQ,2021-08-06,32.7689,32.6826,33.0418,32.3775,90068871
TQQQ,2021-08-09,32.7975,32.8573,33.006,32.5029,71404955
TQQQ,2021-08-10,33.0036,32.3664,33.0851,32.0325,110791078
TQQQ,2021-08-11,32.6992,32.1914,32.8311,31.8227,97250861
TQQQ,2021-08-12,32.055,32.5267,32.6277,31.6788,83091622
TQQQ,2021-08-13,32.6252,32.8526,32.9651,32.4909,76484793
TQQQ,2021-08-16,32.5653,32.9101,32.9221,31.5004,127988703
TQQQ,2021-08-17,32.1507,32.0454,32.4238,31.3747,173649942
TQQQ,2021-08-18,31.8848,31.1135,32.2729,31.0251,135756370
TQQQ,2021-08-19,30.6008,31.5568,32.0049,30.5314,170365166
TQQQ,2021-08-20,31.8489,32.5316,32.6442,31.7604,130535842
TQQQ,2021-08-23,32.819,33.981,34.1846,32.819,100741026
TQQQ,2021-08-24,34.163,34.3164,34.4817,34.0338,75856070
TQQQ,2021-08-25,34.3739,34.3545,34.5919,34.1679,79446136
TQQQ,2021-08-26,34.1774,33.7724,34.3786,33.6432,111670349
TQQQ,2021-08-27,33.9427,34.7595,34.8793,33.8108,96344954
TQQQ,2021-08-30,34.9751,35.9116,36.058,34.9632,95249738
TQQQ,2021-08-31,35.9859,35.8111,36.0052,35.3799,95798145
TQQQ,2021-09-01,36.1322,36.0077,36.6088,35.9501,99734662
TQQQ,2021-09-02,36.4005,35.9573,36.4939,35.5979,99453833
TQQQ,2021-09-03,35.6219,36.2808,36.3982,35.6124,97362409
TQQQ,2021-09-07,36.3046,36.4292,36.6233,35.9717,94310820
TQQQ,2021-09-08,36.3671,36.0556,36.3765,35.3847,132376485
TQQQ,2021-09-09,36.1082,35.6699,36.4364,35.5956,115394484
TQQQ,2021-09-10,36.1728,34.8674,36.3765,34.7618,144471220
TQQQ,2021-09-13,35.5236,34.7882,35.6412,34.1991,162331277
TQQQ,2021-09-14,35.2028,34.4886,35.4206,34.2133,124457934
TQQQ,2021-09-15,34.6205,35.2531,35.349,33.9604,116659047
TQQQ,2021-09-16,34.8674,35.3225,35.4855,34.314,109818873
TQQQ,2021-09-17,35.1907,34.0744,35.1978,33.768,161393076
TQQQ,2021-09-20,32.4406,31.9784,32.9294,30.6631,254458047
TQQQ,2021-09-21,32.4311,32.0189,32.759,31.7628,149653532
TQQQ,2021-09-22,32.3066,32.9558,33.3532,32.0072,182983546
TQQQ,2021-09-23,33.2766,33.8707,34.1535,33.0993,144788124
TQQQ,2021-09-24,33.2313,33.9666,34.0766,33.1304,114326752
TQQQ,2021-09-27,33.1089,33.1474,33.394,32.4359,163543464
TQQQ,2021-09-28,31.8945,30.3828,32.0743,30.2009,310623070
TQQQ,2021-09-29,30.6536,30.1816,31.2117,30.0164,203565807
TQQQ,2021-09-30,30.6103,29.8414,31.0319,29.724,244853586
TQQQ,2021-10-01,30.0045,30.3851,30.6656,28.9478,217807557
TQQQ,2021-10-04,29.9683,28.5169,30.0613,27.9011,268451262
TQQQ,2021-10-05,28.7395,29.6137,30.184,28.6796,169702689
TQQQ,2021-10-06,28.809,30.1984,30.2606,28.5694,245236274
TQQQ,2021-10-07,30.9802,31.0153,31.7027,30.8381,157390621
TQQQ,2021-10-08,31.3027,30.5386,31.3631,30.4164,163983082
TQQQ,2021-10-11,30.1552,29.8606,31.0679,29.8332,142154241
TQQQ,2021-10-12,30.2249,29.5564,30.3325,29.372,182007418
TQQQ,2021-10-13,30.1313,30.2486,30.4116,29.609,147065476
TQQQ,2021-10-14,31.1685,31.9184,31.9687,30.9985,127058080
TQQQ,2021-10-15,32.244,32.5102,32.5437,31.9614,107342704
TQQQ,2021-10-18,32.1603,33.485,33.5426,31.9999,105274715
TQQQ,2021-10-19,33.7871,34.2205,34.2637,33.6049,111091915
TQQQ,2021-10-20,34.3739,34.1126,34.5486,33.7007,123885441
TQQQ,2021-10-21,33.8819,34.7236,34.7858,33.8083,96115855
TQQQ,2021-10-22,34.3692,33.8443,34.6541,33.3844,146363091
TQQQ,2021-10-25,34.2537,34.8601,35.1503,33.7103,124137695
TQQQ,2021-10-26,35.5309,35.1859,36.2198,34.8912,175299255
TQQQ,2021-10-27,35.3515,35.4639,36.3454,35.2769,151392741
TQQQ,2021-10-28,36.0077,36.6281,36.7118,35.7897,136437615
TQQQ,2021-10-29,35.7393,37.1695,37.227,35.6412,140379108
TQQQ,2021-11-01,37.3227,37.5358,37.5934,36.6951,135715407
TQQQ,2021-11-02,37.3766,38.0367,38.1782,37.361,125410662
TQQQ,2021-11-03,38.1708,39.244,39.3636,37.8666,151541579
TQQQ,2021-11-04,39.6296,40.7079,41.0473,39.462,167893738
TQQQ,2021-11-05,41.3139,40.8587,41.6012,40.4203,177939408
TQQQ,2021-11-08,40.8442,40.691,41.1796,40.4993,117842911
TQQQ,2021-11-09,41.0238,39.8523,41.1541,39.4236,183921542
TQQQ,2021-11-10,38.9805,38.1059,39.8621,37.4902,202409758
TQQQ,2021-11-11,38.9877,38.415,39.0452,38.305,120471121
TQQQ,2021-11-12,38.7625,39.6344,39.7831,38.269,133205879
TQQQ,2021-11-15,39.9842,39.6226,40.08,38.8295,145538547
TQQQ,2021-11-16,39.3566,40.4418,40.5827,39.3014,107680300
TQQQ,2021-11-17,40.5352,40.4898,41.1278,40.1948,120990629
TQQQ,2021-11-18,41.1269,41.7281,41.8983,40.4297,181255888
TQQQ,2021-11-19,42.2647,42.4347,42.8493,41.999,134848004
TQQQ,2021-11-22,42.9501,40.964,43.925,40.9305,186851085
TQQQ,2021-11-23,40.5927,40.4057,41.2441,38.9972,235880040
TQQQ,2021-11-24,39.601,40.7795,40.8587,38.8871,206884872
TQQQ,2021-11-26,39.9532,38.5302,40.3987,38.0224,185429164
TQQQ,2021-11-29,39.8142,40.9234,41.2418,39.6056,165861269
TQQQ,2021-11-30,40.6479,39.1649,41.3928,38.499,315778645
TQQQ,2021-12-01,40.4515,37.155,41.1124,37.0042,317374525
TQQQ,2021-12-02,36.7526,37.8546,38.4536,36.3287,413717280
TQQQ,2021-12-03,38.329,35.9525,38.6355,34.719,501526612
TQQQ,2021-12-06,36.0771,36.7935,37.1983,34.8625,318118328
TQQQ,2021-12-07,38.753,40.1113,40.3123,38.7457,282375511
TQQQ,2021-12-08,40.2189,40.6693,40.7244,39.6393,214192023
TQQQ,2021-12-09,40.2812,38.9135,40.8466,38.808,222080021
TQQQ,2021-12-10,39.7112,40.1184,40.2046,38.7553,211929399
TQQQ,2021-12-13,40.1184,38.3938,40.2189,38.2762,186955883
TQQQ,2021-12-14,36.9202,37.2508,37.7444,35.8927,241002144
TQQQ,2021-12-15,37.1215,39.716,39.8303,35.9405,280792187
TQQQ,2021-12-16,40.0082,36.6856,40.1544,36.1609,309134884
TQQQ,2021-12-17,35.6531,36.125,37.3204,35.2147,313363930
TQQQ,2021-12-20,34.7404,35.0447,35.2744,34.1367,252411147
TQQQ,2021-12-21,35.9717,37.3873,37.478,34.9057,228678643
TQQQ,2021-12-22,37.2699,38.7219,38.808,37.0889,184949550
TQQQ,2021-12-23,38.8486,39.6418,40.0752,38.8008,137033150
TQQQ,2021-12-27,40.0275,41.5368,41.5701,40.0058,131455131
TQQQ,2021-12-28,41.8647,41.0478,41.9174,40.7316,151139230
TQQQ,2021-12-29,41.0383,40.9833,41.4409,40.2338,120530116
TQQQ,2021-12-30,40.9089,40.5999,41.6003,40.4297,118210166
TQQQ,2021-12-31,40.3964,39.8456,40.8202,39.6967,125750669
TQQQ,2022-01-03,40.2046,40.9951,41.0696,39.5554,159681383
TQQQ,2022-01-04,41.1629,39.4022,41.1771,38.4224,222595699
TQQQ,2022-01-05,38.8991,35.7777,39.2201,35.6941,278109182
TQQQ,2022-01-06,35.2218,35.6796,36.6064,34.5966,321901388
TQQQ,2022-01-07,35.6699,34.5129,36.1585,34.017,297871267
TQQQ,2022-01-10,33.1427,34.6396,34.7213,31.6454,374062173
TQQQ,2022-01-11,34.3594,36.1634,36.1801,33.7871,322110592
TQQQ,2022-01-12,36.8843,36.5755,37.3539,35.9046,288808003
TQQQ,2022-01-13,36.9538,33.9211,37.155,33.5475,181097594
TQQQ,2022-01-14,33.1018,34.4338,34.5272,33.0586,186231892
TQQQ,2022-01-18,32.8144,31.9519,33.4037,31.6501,163157920
TQQQ,2022-01-19,32.2729,30.8406,32.9198,30.7399,191275397
TQQQ,2022-01-20,31.6309,29.6474,32.6656,29.4655,179704598
TQQQ,2022-01-21,29.0437,27.1512,29.7167,27.0698,356967802
TQQQ,2022-01-24,25.8002,27.544,27.6688,23.0788,534123306
TQQQ,2022-01-25,25.9437,25.5126,26.9788,24.794,362648319
TQQQ,2022-01-26,27.3045,25.4648,28.1956,24.6119,433799013
TQQQ,2022-01-27,26.5428,24.7029,26.9452,24.4539,337633462
TQQQ,2022-01-28,25.1056,27.0074,27.0506,24.0033,348595842
TQQQ,2022-01-31,27.3286,29.6234,29.7338,26.9356,237421044
TQQQ,2022-02-01,29.9063,30.1888,30.3517,28.6173,212572328
TQQQ,2022-02-02,31.2476,30.9027,31.3194,29.8727,210421262
TQQQ,2022-02-03,28.421,27.1847,29.2594,26.8877,220355697
TQQQ,2022-02-04,27.2469,28.1239,28.9431,26.7775,201486386
TQQQ,2022-02-07,28.3011,27.4866,28.876,27.1752,160622601
TQQQ,2022-02-08,27.2135,28.421,28.6631,26.9404,165507688
TQQQ,2022-02-09,29.4943,30.184,30.2224,29.1109,157662120
TQQQ,2022-02-10,28.4161,28.1814,30.1409,27.6926,265373214
TQQQ,2022-02-11,28.1621,25.527,28.531,25.1795,280217991
TQQQ,2022-02-14,25.345,25.5991,26.3367,24.7702,198414239
TQQQ,2022-02-15,26.7488,27.4531,27.52,26.5188,171328673
TQQQ,2022-02-16,26.9597,27.4482,27.6926,26.2074,194298285
TQQQ,2022-02-17,26.6579,25.0144,26.8542,24.8994,164545489
TQQQ,2022-02-18,25.1966,24.1662,25.292,23.6249,236025961
TQQQ,2022-02-22,23.4957,23.4188,24.6744,22.6162,274337102
TQQQ,2022-02-23,24.0705,21.6272,24.2574,21.5455,272296031
TQQQ,2022-02-24,19.5287,23.7449,23.8837,19.4567,406726597
TQQQ,2022-02-25,23.9507,24.8707,24.9162,23.1169,248764964
TQQQ,2022-02-28,24.1734,25.1344,25.4814,23.9176,254013106
TQQQ,2022-03-01,24.8755,23.9745,25.3787,23.4047,258963947
TQQQ,2022-03-02,24.2766,25.1196,25.4169,23.6777,229065659
TQQQ,2022-03-03,25.7521,24.0705,25.7667,23.6537,233649989
TQQQ,2022-03-04,23.5554,23.0405,23.8597,22.5184,241930261
TQQQ,2022-03-07,23.019,20.4677,23.256,20.4246,260641574
TQQQ,2022-03-08,20.3096,20.185,22.0392,19.5334,371454513
TQQQ,2022-03-09,21.7516,22.3457,22.6138,21.2487,228625557
TQQQ,2022-03-10,21.5121,21.6272,21.8572,20.6931,235409576
TQQQ,2022-03-11,22.202,20.2855,22.2643,20.1657,206439366
TQQQ,2022-03-14,20.0315,19.0973,20.6641,18.9537,257002073
TQQQ,2022-03-15,19.5814,20.8654,21.0281,19.2771,220624370
TQQQ,2022-03-16,21.6367,23.2081,23.2273,20.9323,340395829
TQQQ,2022-03-17,22.8009,23.9843,24.0466,22.5375,200435235
TQQQ,2022-03-18,23.6967,25.4743,25.5893,23.4431,210357780
TQQQ,2022-03-21,25.3257,25.2924,25.836,24.3245,230734042
TQQQ,2022-03-22,25.4263,26.787,26.9933,25.3305,194828700
TQQQ,2022-03-23,26.1404,25.6564,26.9594,25.6325,214458981
TQQQ,2022-03-24,26.078,27.3189,27.3525,25.5893,178612478
TQQQ,2022-03-25,27.3286,27.2757,27.5782,26.2793,207456366
TQQQ,2022-03-28,27.271,28.5169,28.5598,26.9884,191403805
TQQQ,2022-03-29,29.4748,29.978,30.1648,28.8138,212908154
TQQQ,2022-03-30,29.5468,29.0773,29.9636,28.6509,175135524
TQQQ,2022-03-31,29.0534,27.8747,29.1444,27.7406,175427790
TQQQ,2022-04-01,27.9946,27.7549,28.1791,27.0221,183843121
TQQQ,2022-04-04,27.9705,29.4894,29.4894,27.8986,143510541
TQQQ,2022-04-05,29.1395,27.5393,29.3023,27.2422,179600904
TQQQ,2022-04-06,26.2649,25.7282,26.528,25.1056,309802581
TQQQ,2022-04-07,25.5031,25.8959,26.3937,24.7124,239666591
TQQQ,2022-04-08,25.4985,24.8371,25.6757,24.6744,213084572
TQQQ,2022-04-11,23.8741,23.0742,24.0848,22.9732,194020168
TQQQ,2022-04-12,24.0322,22.7768,24.4227,22.4656,258737547
TQQQ,2022-04-13,22.8345,24.1424,24.3557,22.6763,198372096
TQQQ,2022-04-14,24.1567,22.5184,24.2669,22.4368,175161338
TQQQ,2022-04-18,22.2643,22.5806,23.0022,21.9529,183178117
TQQQ,2022-04-19,22.389,24.0322,24.1567,22.1877,179887910
TQQQ,2022-04-20,24.2287,22.9493,24.3099,22.7289,225030684
TQQQ,2022-04-21,23.7833,21.6032,24.3245,21.3635,280338305
TQQQ,2022-04-22,21.5839,19.888,21.833,19.7776,259673248
TQQQ,2022-04-25,19.5525,20.6257,20.6785,19.313,347391936
TQQQ,2022-04-26,20.228,18.3069,20.2615,18.2541,346749593
TQQQ,2022-04-27,18.2876,18.2255,19.2699,17.9044,330506396
TQQQ,2022-04-28,19.0807,20.1515,20.4725,18.3404,359726801
TQQQ,2022-04-29,19.3513,17.5019,20.0118,17.3437,334073481
TQQQ,2022-05-02,17.3677,18.326,18.3404,16.8312,325504326
TQQQ,2022-05-03,18.2972,18.3692,18.7664,17.8709,298015983
TQQQ,2022-05-04,18.4412,20.1897,20.3383,17.5019,457938322
TQQQ,2022-05-05,19.4041,17.181,19.4087,16.5391,475414272
TQQQ,2022-05-06,16.8122,16.5821,17.5019,15.8588,487146056
TQQQ,2022-05-09,15.5998,14.6225,16.012,14.3782,438749539
TQQQ,2022-05-10,15.674,15.1256,15.849,14.5075,483791130
TQQQ,2022-05-11,14.7807,13.7792,15.6189,13.6404,552618898
TQQQ,2022-05-12,13.142,13.6692,14.3206,12.7876,616759586
TQQQ,2022-05-13,14.3016,15.1541,15.3318,14.0763,413210980
TQQQ,2022-05-16,14.9147,14.6849,15.2261,14.4595,332269450
TQQQ,2022-05-17,15.5374,15.7915,15.849,14.9673,321409069
TQQQ,2022-05-18,15.0726,13.4871,15.1831,13.2667,342410148
TQQQ,2022-05-19,13.1947,13.2139,13.9037,12.9549,409106987
TQQQ,2022-05-20,13.7266,13.099,13.8176,11.9443,478084343
TQQQ,2022-05-23,13.2474,13.7457,13.8127,12.917,355909619
TQQQ,2022-05-24,13.0053,12.888,13.1084,12.1814,382467153
TQQQ,2022-05-25,12.6678,13.4056,13.7027,12.6411,377035409
TQQQ,2022-05-26,13.3003,14.5265,14.7471,13.2617,351830131
TQQQ,2022-05-27,14.9939,15.9496,15.9733,14.9818,328771072
TQQQ,2022-05-31,15.9544,15.8345,16.2899,15.2026,385253594
TQQQ,2022-06-01,16.1508,15.4657,16.4958,15.1161,416285526
TQQQ,2022-06-02,15.2933,16.7211,16.7591,15.0679,351548090
TQQQ,2022-06-03,15.8776,15.3988,16.1124,15.2167,338881417
TQQQ,2022-06-06,16.1053,15.5902,16.3521,15.3318,314080101
TQQQ,2022-06-07,15.0538,15.9689,16.0957,14.8765,286871341
TQQQ,2022-06-08,15.8465,15.643,16.2611,15.4896,235546517
TQQQ,2022-06-09,15.3652,14.3686,15.8394,14.3408,287990968
TQQQ,2022-06-10,13.5372,12.8356,13.7122,12.7779,358321921
TQQQ,2022-06-13,11.628,11.0579,11.9683,10.9333,445336452
TQQQ,2022-06-14,11.3261,11.1298,11.4364,10.7895,410344195
TQQQ,2022-06-15,11.5275,11.9298,12.4186,11.1823,573794720
TQQQ,2022-06-16,11.0146,10.4733,11.077,10.2146,442782788
TQQQ,2022-06-17,10.5741,10.8613,11.1536,10.3727,460416103
TQQQ,2022-06-21,11.4101,11.6808,11.9683,11.3932,332290536
TQQQ,2022-06-22,11.3597,11.6376,12.1933,11.2831,405932520
TQQQ,2022-06-23,11.9491,12.1358,12.251,11.5802,381302685
TQQQ,2022-06-24,12.5106,13.4056,13.4345,12.481,316873068
TQQQ,2022-06-27,13.5828,13.0891,13.6547,12.9361,353009827
TQQQ,2022-06-28,13.1564,11.8961,13.5158,11.8628,392644455
TQQQ,2022-06-29,11.8724,11.9203,12.1168,11.5466,396757685
TQQQ,2022-06-30,11.5275,11.4988,11.9249,10.8998,534748296
TQQQ,2022-07-01,11.3071,11.6854,11.7383,11.0674,435390257
TQQQ,2022-07-05,11.2159,12.2891,12.3038,11.0196,460339801
TQQQ,2022-07-06,12.3468,12.524,12.8019,12.1119,430219231
TQQQ,2022-07-07,12.6389,13.3003,13.4153,12.6342,287754294
TQQQ,2022-07-08,12.9313,13.3625,13.5637,12.797,333386474
TQQQ,2022-07-11,13.0318,12.5096,13.0653,12.3899,269716351
TQQQ,2022-07-12,12.6678,12.1455,12.9264,11.9346,333151230
TQQQ,2022-07-13,11.4221,12.0689,12.3754,11.3501,376896781
TQQQ,2022-07-14,11.7214,12.1933,12.3038,11.3166,366978422
TQQQ,2022-07-15,12.5864,12.8356,12.8642,12.3659,322221967
TQQQ,2022-07-18,13.2283,12.5382,13.4153,12.3707,333847751
TQQQ,2022-07-19,13.0077,13.6356,13.7122,12.7879,311663911
TQQQ,2022-07-20,13.7314,14.3206,14.4931,13.6258,393568405
TQQQ,2022-07-21,14.3782,14.9293,14.9363,13.9996,333306434
TQQQ,2022-07-22,14.7949,14.1481,15.1064,13.8702,311828228
TQQQ,2022-07-25,14.1481,13.9373,14.2154,13.6116,230528438
TQQQ,2022-07-26,13.6499,13.0941,13.688,12.9599,241859866
TQQQ,2022-07-27,13.7027,14.7278,14.9722,13.6212,356826189
TQQQ,2022-07-28,14.6968,15.1495,15.2454,14.1434,338201067
TQQQ,2022-07-29,15.3939,15.9831,16.1221,15.1735,304883572
TQQQ,2022-08-01,15.7053,15.9591,16.4908,15.5423,297720968
TQQQ,2022-08-02,15.5902,15.8105,16.4575,15.4322,339561060
TQQQ,2022-08-03,16.0744,17.0756,17.2242,15.9591,307041095
TQQQ,2022-08-04,17.0993,17.3198,17.3749,16.7498,264622430
TQQQ,2022-08-05,16.4958,16.9079,17.2384,16.3616,296276294
TQQQ,2022-08-08,17.0566,16.7351,17.6458,16.4983,280478517
TQQQ,2022-08-09,16.4238,16.1605,16.467,15.9016,227928274
TQQQ,2022-08-10,17.3127,17.4876,17.5546,16.9174,283393946
TQQQ,2022-08-11,17.8852,17.2242,18.2158,17.0899,285279264
TQQQ,2022-08-12,17.5354,18.1965,18.2299,17.3606,220394496
TQQQ,2022-08-15,18.0386,18.6326,18.7236,18.0338,204867260
TQQQ,2022-08-16,18.4745,18.5129,18.8674,17.9811,230380502
TQQQ,2022-08-17,17.9716,17.8709,18.3632,17.5116,274297804
TQQQ,2022-08-18,17.8517,17.9904,18.1871,17.5787,200517982
TQQQ,2022-08-19,17.4779,16.9366,17.5834,16.8,234034006
TQQQ,2022-08-22,16.237,15.6047,16.2755,15.4561,234784101
TQQQ,2022-08-23,15.5379,15.5522,15.9784,15.4274,229080178
TQQQ,2022-08-24,15.4753,15.6716,15.9544,15.3818,195158835
TQQQ,2022-08-25,15.945,16.4958,16.5007,15.7817,231733759
TQQQ,2022-08-26,16.455,14.4883,16.6443,14.4692,382245883
TQQQ,2022-08-29,14.0619,14.0427,14.4307,13.8745,259272767
TQQQ,2022-08-30,14.2728,13.573,14.3494,13.2043,341272270
TQQQ,2022-08-31,13.9686,13.3242,14.086,13.3063,355899069
TQQQ,2022-09-01,12.9742,13.3384,13.3817,12.4664,414643196
TQQQ,2022-09-02,13.7217,12.7828,13.9135,12.5382,474276994
TQQQ,2022-09-06,12.8211,12.4905,12.9456,12.1982,376826211
TQQQ,2022-09-07,12.5431,13.2283,13.3671,12.5096,346025630
TQQQ,2022-09-08,12.9503,13.4438,13.614,12.7635,428710239
TQQQ,2022-09-09,13.7409,14.2967,14.383,13.7314,311760356
TQQQ,2022-09-12,14.5171,14.8189,14.8668,14.4643,285049774
TQQQ,2022-09-13,13.5301,12.3802,13.7073,12.2461,408356757
TQQQ,2022-09-14,12.5168,12.6581,12.7779,12.2844,322776611
TQQQ,2022-09-15,12.3994,12.021,12.7205,11.8101,410896726
TQQQ,2022-09-16,11.5992,11.7861,11.8485,11.3405,409240524
TQQQ,2022-09-19,11.4701,12.0689,12.0881,11.4602,315889622
TQQQ,2022-09-20,11.7525,11.7814,12.0689,11.489,336162679
TQQQ,2022-09-21,11.8867,11.1347,12.4186,11.1298,616887105
TQQQ,2022-09-22,10.9478,10.7227,11.0722,10.5741,449878737
TQQQ,2022-09-23,10.4421,10.21,10.4733,9.79774,585776174
TQQQ,2022-09-26,10.138,10.0709,10.641,9.97988,511997734
TQQQ,2022-09-27,10.4518,10.0805,10.7081,9.82174,567635572
TQQQ,2022-09-28,10.0758,10.67,10.8231,9.90805,534363237
TQQQ,2022-09-29,10.2076,9.76906,10.2482,9.40016,563747624
TQQQ,2022-09-30,9.65648,9.25643,10.1044,9.23726,535572459
TQQQ,2022-10-03,9.4409,9.89842,10.066,9.27559,466720979
TQQQ,2022-10-04,10.4903,10.8184,10.907,10.4879,483524083
TQQQ,2022-10-05,10.3799,10.8184,11.0196,10.066,478384611
TQQQ,2022-10-06,10.6841,10.5452,11.0483,10.502,495800457
TQQQ,2022-10-07,10.004,9.34268,10.0182,9.17976,523829534
TQQQ,2022-10-10,9.34985,9.05041,9.39537,8.76773,431005927
TQQQ,2022-10-11,8.87314,8.69107,9.1702,8.49943,552843362
TQQQ,2022-10-12,8.7342,8.67192,8.93064,8.59047,418987993
TQQQ,2022-10-13,7.91254,9.25163,9.40016,7.81909,865672806
TQQQ,2022-10-14,9.51035,8.41799,9.57264,8.36529,699349652
TQQQ,2022-10-17,9.00969,9.24685,9.34268,9.00728,480108512
TQQQ,2022-10-18,9.99676,9.47682,10.0612,9.18458,722748481
TQQQ,2022-10-19,9.29956,9.36184,9.6972,9.10791,542360626
TQQQ,2022-10-20,9.26123,9.20373,9.80597,9.08395,552797420
TQQQ,2022-10-21,9.09352,9.85524,9.91271,8.97136,654814516
TQQQ,2022-10-24,9.88401,10.1907,10.2864,9.4864,573190405
TQQQ,2022-10-25,10.2889,10.8041,10.8471,10.2864,497587539
TQQQ,2022-10-26,10.1475,10.0902,10.7801,10.0278,589674621
TQQQ,2022-10-27,9.96069,9.53432,10.1188,9.47203,535636340
TQQQ,2022-10-28,9.46246,10.3966,10.4494,9.44327,533046585
TQQQ,2022-10-31,10.1451,10.0372,10.2362,9.81692,437395530
TQQQ,2022-11-01,10.4159,9.72602,10.4781,9.68287,449232674
TQQQ,2022-11-02,9.71638,8.71981,10.0519,8.71072,691856524
TQQQ,2022-11-03,8.45392,8.21675,8.60006,8.16407,442969663
TQQQ,2022-11-04,8.68629,8.60006,8.79168,8.07303,798082168
TQQQ,2022-11-07,8.70067,8.87314,8.93064,8.48506,419408642
TQQQ,2022-11-08,9.03125,9.06479,9.40016,8.66714,617928074
TQQQ,2022-11-09,8.87792,8.43235,8.95938,8.39881,449935390
TQQQ,2022-11-10,9.65407,10.2771,10.32,9.4385,685524162
TQQQ,2022-11-11,10.2673,10.8613,10.9382,10.1188,641049832
TQQQ,2022-11-14,10.6219,10.5741,11.0004,10.4543,447131895
TQQQ,2022-11-15,11.3285,11.0004,11.4749,10.6267,664283412
TQQQ,2022-11-16,10.7801,10.5548,10.8184,10.4543,400072717
TQQQ,2022-11-17,10.0372,10.4733,10.6409,10.0182,445537741
TQQQ,2022-11-18,10.8087,10.4638,10.8184,10.1955,406562167
TQQQ,2022-11-21,10.3106,10.1475,10.4446,10.0469,300788686
TQQQ,2022-11-22,10.2195,10.5741,10.5885,9.97988,305228940
TQQQ,2022-11-23,10.5644,10.8902,10.9574,10.5452,373156494
TQQQ,2022-11-25,10.7034,10.6651,10.7801,10.6122,140628071
TQQQ,2022-11-28,10.4446,10.1955,10.67,10.0902,275807884
TQQQ,2022-11-29,10.2146,9.95125,10.2625,9.80753,287830266
TQQQ,2022-11-30,9.98944,11.2877,11.3309,9.89368,569251708
TQQQ,2022-12-01,11.355,11.3501,11.5802,11.0243,428926705
TQQQ,2022-12-02,10.7537,11.2159,11.3214,10.7274,379149957
TQQQ,2022-12-05,10.962,10.6507,11.1155,10.4733,315145920
TQQQ,2022-12-06,10.6267,9.97519,10.641,9.82174,354615928
TQQQ,2022-12-07,9.85051,9.85524,10.0758,9.66842,362479246
TQQQ,2022-12-08,9.99906,10.2052,10.3009,9.76906,394313604
TQQQ,2022-12-09,10.0854,10.0085,10.392,9.95125,369442223
TQQQ,2022-12-12,10.0182,10.3727,10.3774,9.90329,235493295
TQQQ,2022-12-13,11.5824,10.6988,11.6088,10.4063,725703607
TQQQ,2022-12-14,10.641,10.4446,11.0146,10.0996,604150803
TQQQ,2022-12-15,9.99426,9.40974,10.0757,9.2708,446715774
TQQQ,2022-12-16,9.33308,9.13186,9.49076,8.96419,366599739
TQQQ,2022-12-19,9.15102,8.75336,9.16534,8.61443,324071886
TQQQ,2022-12-20,8.624,8.71502,8.89231,8.46589,360837328
TQQQ,2022-12-21,8.82043,9.09352,9.2229,8.73425,340604087
TQQQ,2022-12-22,8.77949,8.44721,8.78673,7.98487,478513706
TQQQ,2022-12-23,8.28825,8.47128,8.53388,8.10525,342750717
TQQQ,2022-12-27,8.40868,8.11005,8.41829,8.05229,273258841
TQQQ,2022-12-28,8.06674,7.78258,8.28128,7.75367,378812606
TQQQ,2022-12-29,8.02819,8.33161,8.42792,7.96082,317807666
TQQQ,2022-12-30,8.07154,8.33161,8.33161,7.94635,313479759
TQQQ,2023-01-03,8.54352,8.14378,8.68774,7.93186,373603392
TQQQ,2023-01-04,8.34365,8.26901,8.42311,7.96557,451906726
TQQQ,2023-01-05,8.09563,7.8789,8.1149,7.84037,376357057
TQQQ,2023-01-06,8.01856,8.49535,8.62058,7.75367,484737603
TQQQ,2023-01-09,8.70725,8.67353,9.13107,8.61579,386260439
TQQQ,2023-01-10,8.57963,8.90471,8.90471,8.52424,341285016
TQQQ,2023-01-11,8.9986,9.34778,9.35981,8.91915,314111816
TQQQ,2023-01-12,9.39835,9.49226,9.59339,8.95287,583323621
TQQQ,2023-01-13,9.23219,9.68007,9.71374,9.19847,331778234
TQQQ,2023-01-17,9.66081,9.73301,9.87749,9.54043,290197517
TQQQ,2023-01-18,9.90884,9.37187,10.0677,9.33815,387565737
TQQQ,2023-01-19,9.18405,9.07808,9.29962,8.94807,345457123
TQQQ,2023-01-20,9.2346,9.81967,9.84864,9.13112,334980479
TQQQ,2023-01-23,9.89684,10.4651,10.5951,9.81487,402914718
TQQQ,2023-01-24,10.2868,10.4024,10.5312,10.2291,301095700
TQQQ,2023-01-25,9.90161,10.3253,10.3976,9.6223,452835160
TQQQ,2023-01-26,10.7012,10.9228,10.9418,10.4024,422385023
TQQQ,2023-01-27,10.7685,11.2357,11.4718,10.7541,391222444
TQQQ,2023-01-30,10.8598,10.5614,11.0286,10.523,361107697
TQQQ,2023-01-31,10.5663,11.0335,11.0383,10.547,328609380
TQQQ,2023-02-01,11.0093,11.7462,12.0158,10.7685,564038920
TQQQ,2023-02-02,12.4999,12.9597,13.2198,12.4011,556244557
TQQQ,2023-02-03,12.141,12.2903,13.0704,12.0929,555246056
TQQQ,2023-02-06,11.9653,11.9774,12.2565,11.8088,335999975
TQQQ,2023-02-07,11.9579,12.719,12.8537,11.8188,539652955
TQQQ,2023-02-08,12.5456,12.0351,12.6661,11.9484,376367817
TQQQ,2023-02-09,12.5456,11.7124,12.5647,11.5246,410299207
TQQQ,2023-02-10,11.4428,11.4718,11.6836,11.1825,381921185
TQQQ,2023-02-13,11.6256,12.0158,12.0882,11.4859,290429913
TQQQ,2023-02-14,11.8158,12.276,12.3962,11.5823,531020305
TQQQ,2023-02-15,12.0495,12.5503,12.5696,11.9677,287902404
TQQQ,2023-02-16,11.9579,11.8329,12.4589,11.8136,403858287
TQQQ,2023-02-17,11.5728,11.5776,11.6692,11.2212,404701168
TQQQ,2023-02-21,11.1247,10.7637,11.2934,10.7348,312437780
TQQQ,2023-02-22,10.8118,10.7733,11.0046,10.5855,347467136
TQQQ,2023-02-23,11.1659,11.0428,11.1875,10.571,373279678
TQQQ,2023-02-24,10.4747,10.4844,10.6096,10.282,358769268
TQQQ,2023-02-27,10.8263,10.7106,10.9803,10.6431,288113685
TQQQ,2023-02-28,10.6337,10.6577,10.9418,10.5951,264362249
TQQQ,2023-03-01,10.6241,10.3976,10.6964,10.2917,320573506
TQQQ,2023-03-02,10.1183,10.648,10.7397,10.0895,331173822
TQQQ,2023-03-03,10.836,11.2982,11.3319,10.7805,314945802
TQQQ,2023-03-06,11.4428,11.3464,11.7895,11.3175,315305595
TQQQ,2023-03-07,11.3441,10.9228,11.4524,10.8462,366139920
TQQQ,2023-03-08,10.9564,11.0719,11.1442,10.7541,302105634
TQQQ,2023-03-09,11.1297,10.4893,11.4187,10.3976,408711264
TQQQ,2023-03-10,10.5084,10.0559,10.6723,9.93042,653779730
TQQQ,2023-03-13,9.85827,10.2726,10.6675,9.6945,684268190
TQQQ,2023-03-14,10.6528,10.9707,11.0335,10.5566,450923543
TQQQ,2023-03-15,10.6769,11.1297,11.1825,10.5133,570103392
TQQQ,2023-03-16,11.0189,12.011,12.0545,10.9418,475536465
TQQQ,2023-03-17,12.0061,11.8329,12.2855,11.6066,418961806
TQQQ,2023-03-20,11.7654,11.9579,11.9992,11.5053,340903995
TQQQ,2023-03-21,12.1893,12.4635,12.5216,12.0061,280619381
TQQQ,2023-03-22,12.4541,11.9549,13.0594,11.9405,491160666
TQQQ,2023-03-23,12.3982,12.3813,12.8899,12.0519,405650839
TQQQ,2023-03-24,12.3231,12.5072,12.5169,12.0325,350526011
TQQQ,2023-03-27,12.5873,12.2506,12.7204,12.139,282402240
TQQQ,2023-03-28,12.1754,12.047,12.1778,11.7661,243643281
TQQQ,2023-03-29,12.4782,12.7056,12.7736,12.3861,246418949
TQQQ,2023-03-30,12.9917,13.0498,13.1224,12.8319,268682994
TQQQ,2023-03-31,13.0789,13.689,13.7181,13.0352,262225740
TQQQ,2023-04-03,13.4082,13.5923,13.6213,13.2388,258291497
TQQQ,2023-04-04,13.6408,13.4567,13.7717,13.2823,239658264
TQQQ,2023-04-05,13.3065,13.0258,13.3307,12.793,266591899
TQQQ,2023-04-06,12.8172,13.2869,13.3501,12.6475,249711752
TQQQ,2023-04-10,12.9044,13.258,13.2628,12.6766,244692131
TQQQ,2023-04-11,13.2532,13.0013,13.258,12.9335,215237133
TQQQ,2023-04-12,13.2434,12.6574,13.316,12.5943,359247360
TQQQ,2023-04-13,12.851,13.3839,13.4373,12.8319,255494662
TQQQ,2023-04-14,13.178,13.3065,13.5292,12.9311,294521411
TQQQ,2023-04-17,13.2483,13.321,13.3791,12.9868,235980539
TQQQ,2023-04-18,13.5969,13.3307,13.6504,13.1756,219684150
TQQQ,2023-04-19,13.0159,13.3017,13.4373,13.0013,198029323
TQQQ,2023-04-20,12.9191,12.9917,13.3598,12.822,282509608
TQQQ,2023-04-21,12.9335,13.0159,13.1224,12.7156,236259523
TQQQ,2023-04-24,12.9868,12.9383,13.1611,12.6623,222224298
TQQQ,2023-04-25,12.73,12.2069,12.8123,12.1923,285483330
TQQQ,2023-04-26,12.6041,12.4103,12.7833,12.357,257767085
TQQQ,2023-04-27,12.8657,13.4131,13.4808,12.7833,263863976
TQQQ,2023-04-28,13.3888,13.6842,13.699,13.2388,269480055
TQQQ,2023-05-01,13.631,13.6455,13.8198,13.5002,183735165
TQQQ,2023-05-02,13.631,13.2823,13.6699,13.0594,257341251
TQQQ,2023-05-03,13.321,13.0208,13.6601,12.9965,351225999
TQQQ,2023-05-04,12.9722,12.8753,13.1175,12.7318,250435413
TQQQ,2023-05-05,13.137,13.665,13.7859,13.0951,201902746
TQQQ,2023-05-08,13.6116,13.7763,13.8248,13.4759,156355308
TQQQ,2023-05-09,13.556,13.5098,13.6699,13.4686,133857915
TQQQ,2023-05-10,13.815,13.9461,14.0574,13.5002,312863441
TQQQ,2023-05-11,14.0016,14.0621,14.1396,13.8006,200952746
TQQQ,2023-05-12,14.1348,13.9169,14.193,13.6455,217551139
TQQQ,2023-05-15,13.9751,14.13,14.1687,13.7717,178504710
TQQQ,2023-05-16,14.0379,14.1833,14.4061,14.0282,164458108
TQQQ,2023-05-17,14.3139,14.6919,14.7644,14.1591,208721495
TQQQ,2023-05-18,14.7259,15.4813,15.5203,14.7235,280623240
TQQQ,2023-05-19,15.5153,15.3748,15.617,15.2344,204436955
TQQQ,2023-05-22,15.3457,15.5346,15.6751,15.341,171990930
TQQQ,2023-05-23,15.2877,14.9341,15.4499,14.8856,219477763
TQQQ,2023-05-24,14.6628,14.6919,14.8711,14.4205,243543774
TQQQ,2023-05-25,15.6751,15.7527,15.9222,15.3457,270176674
TQQQ,2023-05-26,15.8931,16.9443,17.0751,15.8835,260925510
TQQQ,2023-05-30,17.5885,17.1817,17.763,16.9734,279327940
TQQQ,2023-05-31,16.9394,16.8329,17.2373,16.6634,217061370
TQQQ,2023-06-01,16.8279,17.4434,17.6468,16.6683,223740011
TQQQ,2023-06-02,17.7097,17.8355,18.0147,17.4434,223478196
TQQQ,2023-06-05,17.8063,17.8742,18.2619,17.7097,212904611
TQQQ,2023-06-06,17.7726,17.8551,18.0004,17.5643,164646083
TQQQ,2023-06-07,17.8936,16.9443,18.194,16.8426,235843904
TQQQ,2023-06-08,16.9637,17.5256,17.6226,16.9297,194213456
TQQQ,2023-06-09,17.7677,17.7387,18.2208,17.5329,214640943
TQQQ,2023-06-12,17.9954,18.6445,18.6543,17.8453,160978399
TQQQ,2023-06-13,19.0708,19.061,19.1967,18.5621,275118126
TQQQ,2023-06-14,19.061,19.4681,19.5213,18.6107,315145688
TQQQ,2023-06-15,19.2502,20.1511,20.3883,19.1387,264114517
TQQQ,2023-06-16,20.5433,19.7636,20.5579,19.6908,232050520
TQQQ,2023-06-20,19.5165,19.6666,19.8991,19.1822,173668328
TQQQ,2023-06-21,19.4759,18.8782,19.544,18.7082,205037774
TQQQ,2023-06-22,18.645,19.5051,19.5294,18.5816,216287021
TQQQ,2023-06-23,18.8686,18.9268,19.2962,18.6499,231673260
TQQQ,2023-06-26,19.024,18.1785,19.2767,18.1444,223181882
TQQQ,2023-06-27,18.39,19.0775,19.1941,18.2709,201011846
TQQQ,2023-06-28,18.7907,19.1941,19.5051,18.7726,223647461
TQQQ,2023-06-29,19.1259,19.0628,19.2235,18.7907,204008611
TQQQ,2023-06-30,19.6314,19.9229,20.0931,19.5781,189646691
TQQQ,2023-07-03,20.0202,20.059,20.1612,19.8453,82181181
TQQQ,2023-07-05,19.7869,20.0445,20.3313,19.782,143033257
TQQQ,2023-07-06,19.4226,19.5731,19.6411,19.092,175410553
TQQQ,2023-07-07,19.5294,19.3738,20.047,19.3302,173508532
TQQQ,2023-07-10,19.3205,19.3885,19.4905,18.9171,176995453
TQQQ,2023-07-11,19.4467,19.6654,19.7359,19.0968,167184364
TQQQ,2023-07-12,20.3263,20.3943,20.6227,19.996,237006256
TQQQ,2023-07-13,20.9045,21.4101,21.5556,20.8122,169545382
TQQQ,2023-07-14,21.4877,21.3904,22.0415,21.2447,191444859
TQQQ,2023-07-17,21.5169,21.9833,22.1416,21.4342,149739944
TQQQ,2023-07-18,21.874,22.5079,22.7612,21.5314,202328530
TQQQ,2023-07-19,22.7074,22.5079,22.9066,22.2652,206382846
TQQQ,2023-07-20,21.9445,20.9289,22.2068,20.7443,240635919
TQQQ,2023-07-21,21.3226,20.7443,21.4684,20.6566,211048971
TQQQ,2023-07-24,20.8851,20.8268,21.0455,20.5077,130090845
TQQQ,2023-07-25,20.9337,21.2447,21.5169,20.9337,142201625
TQQQ,2023-07-26,21.0504,21.0261,21.3078,20.6227,211723830
TQQQ,2023-07-27,21.9202,20.8463,22.2019,20.6275,268665218
TQQQ,2023-07-28,21.5265,21.9735,22.1534,21.444,210410013
TQQQ,2023-07-31,22.0271,22.0172,22.2118,21.7792,163614368
TQQQ,2023-08-01,21.7646,21.8474,21.9784,21.4832,158965603
TQQQ,2023-08-02,21.2301,20.4185,21.2326,20.1806,265517480
TQQQ,2023-08-03,19.9763,20.2729,20.6324,19.9473,208568352
TQQQ,2023-08-04,20.5983,19.991,20.9775,19.9084,254619533
TQQQ,2023-08-07,20.2778,20.4868,20.5061,19.8938,154130371
TQQQ,2023-08-08,20.064,19.962,20.064,19.4371,194247420
TQQQ,2023-08-09,19.9985,19.2962,20.0252,19.1698,205206405
TQQQ,2023-08-10,19.7578,19.3837,20.2873,19.1322,268100225
TQQQ,2023-08-11,18.9657,18.9949,19.279,18.7568,207411707
TQQQ,2023-08-14,18.8686,19.6266,19.6509,18.7568,146682192
TQQQ,2023-08-15,19.4712,19.024,19.6018,18.8928,167261375
TQQQ,2023-08-16,18.9123,18.3922,19.153,18.3778,195731125
TQQQ,2023-08-17,18.5865,17.7702,18.6401,17.7023,216321481
TQQQ,2023-08-18,17.265,17.6877,17.8867,17.1872,254155588
TQQQ,2023-08-21,17.9161,18.543,18.6499,17.8382,197032941
TQQQ,2023-08-22,18.9367,18.4603,18.9414,18.3534,186021963
TQQQ,2023-08-23,18.6353,19.3302,19.4954,18.6014,180535487
TQQQ,2023-08-24,19.8646,18.0571,19.8767,18.0279,239127848
TQQQ,2023-08-25,18.1883,18.4846,18.7373,17.6634,286349151
TQQQ,2023-08-28,18.9268,18.8977,19.0336,18.504,187930648
TQQQ,2023-08-29,18.8539,20.1028,20.1756,18.8009,192925879
TQQQ,2023-08-30,20.132,20.4382,20.5449,19.962,191343955
TQQQ,2023-08-31,20.4285,20.6227,20.8851,20.4185,166941745
TQQQ,2023-09-01,20.9969,20.5497,21.0698,20.2873,169838778
TQQQ,2023-09-05,20.3943,20.6033,20.8074,20.2438,127363535
TQQQ,2023-09-06,20.4768,20.059,20.5255,19.719,152346228
TQQQ,2023-09-07,19.3107,19.6217,19.7286,19.1358,173506628
TQQQ,2023-09-08,19.5876,19.68,20.0397,19.5196,154102978
TQQQ,2023-09-11,20.1612,20.3506,20.4527,19.8453,145817070
TQQQ,2023-09-12,20.0881,19.6993,20.3164,19.6314,160028381
TQQQ,2023-09-13,19.719,19.8938,20.1589,19.5294,175797480
TQQQ,2023-09-14,20.1659,20.3605,20.5255,19.8259,156792952
TQQQ,2023-09-15,20.1416,19.3157,20.2086,19.16,185048143
TQQQ,2023-09-18,19.16,19.3594,19.544,19.1117,128412588
TQQQ,2023-09-19,19.1503,19.2426,19.3521,18.7568,153049297
TQQQ,2023-09-20,19.3933,18.4081,19.4566,18.3837,201009886
TQQQ,2023-09-21,17.8231,17.3597,17.9352,17.345,222319589
TQQQ,2023-09-22,17.6183,17.3719,17.9352,17.3211,192953432
TQQQ,2023-09-25,17.2184,17.6035,17.6233,17.072,166660290
TQQQ,2023-09-26,17.2184,16.8185,17.3013,16.6624,216022196
TQQQ,2023-09-27,16.9741,16.921,17.1988,16.3993,263385709
TQQQ,2023-09-28,16.7697,17.3306,17.6377,16.6434,274945808
TQQQ,2023-09-29,17.8376,17.3694,18.0424,17.1794,294132666
TQQQ,2023-10-02,17.3939,17.7839,17.9936,17.3013,242459805
TQQQ,2023-10-03,17.4134,16.8429,17.7449,16.5991,273298329
TQQQ,2023-10-04,16.9598,17.5255,17.6476,16.8916,259169085
TQQQ,2023-10-05,17.5011,17.3402,17.5547,16.8234,223534662
TQQQ,2023-10-06,16.8965,18.2131,18.379,16.7796,302375859
TQQQ,2023-10-09,17.8523,18.4812,18.5741,17.6233,216316042
TQQQ,2023-10-10,18.5325,18.7838,19.1982,18.4569,221589914
TQQQ,2023-10-11,18.9885,19.1835,19.2187,18.7251,196572526
TQQQ,2023-10-12,19.2469,18.9593,19.5298,18.5885,242506963
TQQQ,2023-10-13,19.0615,18.2425,19.1541,18.0298,266785736
TQQQ,2023-10-16,18.4425,18.8567,19.0179,18.4179,177543193
TQQQ,2023-10-17,18.296,18.6764,18.93,17.9694,215722213
TQQQ,2023-10-18,18.2717,17.8864,18.6178,17.716,269838913
TQQQ,2023-10-19,18.1156,17.4086,18.2911,17.2817,379434599
TQQQ,2023-10-20,17.3208,16.6234,17.4086,16.5894,284765680
TQQQ,2023-10-23,16.421,16.7697,17.2671,16.1212,270283725
TQQQ,2023-10-24,17.0185,17.2427,17.355,16.7746,251289456
TQQQ,2023-10-25,16.8868,15.9798,16.9111,15.8872,336690330
TQQQ,2023-10-26,15.7896,15.0483,15.9163,14.8582,383533016
TQQQ,2023-10-27,15.3972,15.263,15.7163,15.0924,302175641
TQQQ,2023-10-30,15.5799,15.7554,15.9409,15.3972,271008240
TQQQ,2023-10-31,15.7604,15.9845,16.0359,15.4088,228576877
TQQQ,2023-11-01,16.0918,16.8088,16.8868,16.0774,341071059
TQQQ,2023-11-02,17.4379,17.7012,17.74,17.2624,240071599
TQQQ,2023-11-03,17.8961,18.3252,18.5202,17.8621,234459945
TQQQ,2023-11-06,18.4375,18.535,18.6324,18.1984,188255641
TQQQ,2023-11-07,18.7007,19.0567,19.1982,18.5154,209688297
TQQQ,2023-11-08,19.1155,19.0908,19.2274,18.7397,192726664
TQQQ,2023-11-09,19.1835,18.6373,19.3639,18.5595,264917209
TQQQ,2023-11-10,18.8958,19.8808,19.9101,18.8128,255910954
TQQQ,2023-11-13,19.6273,19.7003,19.8614,19.3835,185006031
TQQQ,2023-11-14,20.7098,20.9389,21.1049,20.622,239475179
TQQQ,2023-11-15,21.2705,20.9975,21.3486,20.7733,223971824
TQQQ,2023-11-16,20.8512,21.0317,21.0707,20.6418,182560053
TQQQ,2023-11-17,20.9096,21.0463,21.2121,20.7562,161872329
TQQQ,2023-11-20,21.0414,21.7971,21.9192,21.0364,170806971
TQQQ,2023-11-21,21.4998,21.4022,21.534,21.1107,152035449
TQQQ,2023-11-22,21.7338,21.651,22.1484,21.4822,176216578
TQQQ,2023-11-24,21.5778,21.5438,21.6754,21.3829,65597797
TQQQ,2023-11-27,21.4582,21.4802,21.8168,21.3413,124946608
TQQQ,2023-11-28,21.3584,21.651,21.7484,21.295,162364701
TQQQ,2023-11-29,22.0606,21.573,22.2995,21.5194,182025010
TQQQ,2023-11-30,21.6022,21.3924,21.6779,20.8912,191121359
TQQQ,2023-12-01,21.2073,21.573,21.671,20.9311,177323175
TQQQ,2023-12-04,20.9244,20.9585,21.0047,20.3489,185737305
TQQQ,2023-12-05,20.6318,21.1099,21.3096,20.608,171789163
TQQQ,2023-12-06,21.5924,20.7341,21.612,20.6805,167134146
TQQQ,2023-12-07,21.2024,21.6022,21.7193,21.0219,166882836
TQQQ,2023-12-08,21.2853,21.8606,21.9436,21.2535,186398961
TQQQ,2023-12-11,21.7826,22.4165,22.4703,21.7484,155383002
TQQQ,2023-12-12,22.4215,22.9579,22.9676,22.2213,146523330
TQQQ,2023-12-13,23.1042,23.7673,23.9279,22.9676,235916056
TQQQ,2023-12-14,24.016,23.7282,24.2501,23.1869,207838021
TQQQ,2023-12-15,23.8647,24.0111,24.2793,23.7478,160705585
TQQQ,2023-12-18,24.1329,24.5134,24.6744,24.0729,119388719
TQQQ,2023-12-19,24.5864,24.8791,24.8986,24.5548,123401590
TQQQ,2023-12-20,24.7241,23.7738,25.1109,23.7347,179841391
TQQQ,2023-12-21,24.435,24.56,24.6212,23.9698,152200755
TQQQ,2023-12-22,24.7829,24.6604,24.9494,24.3126,135183533
TQQQ,2023-12-26,24.8024,25.1109,25.2285,24.7925,89194559
TQQQ,2023-12-27,25.15,25.2432,25.302,24.9885,113822366
TQQQ,2023-12-28,25.4292,25.1794,25.4735,25.1109,87558114
TQQQ,2023-12-29,25.165,24.8317,25.2351,24.489,137046930
