symbol,date,open,close,high,low,volume
QQQ,2014-01-02,79.5952,79.3445,79.6239,79.1152,32105265
QQQ,2014-01-03,79.3445,78.7689,79.416,78.7522,39295938
QQQ,2014-01-06,78.7778,78.4778,78.8766,78.1875,35284027
QQQ,2014-01-07,78.8229,79.2052,79.3257,78.6985,28482164
QQQ,2014-01-08,79.1955,79.3805,79.5952,79.0396,29923412
QQQ,2014-01-09,79.661,79.1152,79.6768,78.8405,26045575
QQQ,2014-01-10,79.317,79.3719,79.4601,78.7162,41809472
QQQ,2014-01-13,79.2602,78.1975,79.5316,77.8977,53731224
QQQ,2014-01-14,78.458,79.6858,79.7504,78.458,40906334
QQQ,2014-01-15,80.0071,80.3444,80.4985,79.9521,43832972
QQQ,2014-01-16,80.2589,80.3542,80.4726,80.1511,37654421
QQQ,2014-01-17,80.1129,79.8971,80.3444,79.7041,40592076
QQQ,2014-01-21,80.4089,80.508,80.5404,79.8335,29057069
QQQ,2014-01-22,80.6836,80.712,80.9179,80.4815,32343860
QQQ,2014-01-23,80.4629,80.4433,80.4815,79.8787,38556578
QQQ,2014-01-24,80.0602,78.8584,80.1698,78.8315,70753399
QQQ,2014-01-27,78.8865,78.0955,78.9954,77.5044,69973115
QQQ,2014-01-28,77.6592,78.0495,78.1327,77.5603,48860249
QQQ,2014-01-29,77.3682,77.2143,77.9514,77.0593,57226206
QQQ,2014-01-30,78.1778,78.6456,78.9132,78.0768,72440574
QQQ,2014-01-31,77.7713,78.4299,78.8052,77.6877,49710148
QQQ,2014-02-03,78.3161,76.6328,78.6456,76.431,72165247
QQQ,2014-02-04,77.0075,77.1965,77.5044,76.7857,41532156
QQQ,2014-02-05,76.9543,76.9985,77.2711,76.1347,46064382
QQQ,2014-02-06,77.2241,77.9749,78.0768,77.2054,35552323
QQQ,2014-02-07,78.4299,79.3719,79.425,78.1875,42307486
QQQ,2014-02-10,79.3073,79.8236,79.8603,79.2885,33228298
QQQ,2014-02-11,79.9521,80.7316,80.8903,79.9061,42531120
QQQ,2014-02-12,80.8903,80.8903,81.0678,80.6413,35768826
QQQ,2014-02-13,80.2856,81.4894,81.55,80.2776,44524140
QQQ,2014-02-14,81.4265,81.6491,81.8323,81.2138,37488139
QQQ,2014-02-18,81.7617,82.052,82.2059,81.5874,32565631
QQQ,2014-02-19,81.8883,81.4894,82.0873,81.3246,45944063
QQQ,2014-02-20,81.55,81.8688,82.0246,81.1953,46006377
QQQ,2014-02-21,82.1256,81.7617,82.2413,81.6591,34330390
QQQ,2014-02-24,81.9158,82.1972,82.5696,81.86,34658156
QQQ,2014-02-25,82.3068,82.1071,82.4787,81.8422,30194975
QQQ,2014-02-26,82.3424,82.0346,82.5883,81.7059,47256428
QQQ,2014-02-27,82.0453,82.5657,82.6491,81.9178,31490625
QQQ,2014-02-28,82.5385,82.4737,83.0421,81.7452,53257912
QQQ,2014-03-03,81.6882,81.8619,82.0824,81.1306,42600703
QQQ,2014-03-04,82.7403,82.9011,83.0607,82.6736,36366795
QQQ,2014-03-05,83.0519,83.1334,83.2773,82.8637,29810296
QQQ,2014-03-06,83.306,83.0607,83.3795,82.7579,26381955
QQQ,2014-03-07,83.3246,82.6491,83.406,82.2265,34144171
QQQ,2014-03-10,82.6119,82.7216,82.7579,82.1913,19868076
QQQ,2014-03-11,82.9195,82.3657,83.1334,82.1196,30128212
QQQ,2014-03-12,81.998,82.6736,82.7216,81.6882,30667362
QQQ,2014-03-13,82.9871,81.506,83.0127,81.1306,53171502
QQQ,2014-03-14,81.2404,80.9512,81.5954,80.9159,42433370
QQQ,2014-03-17,81.4717,81.6611,82.0824,81.4265,31192700
QQQ,2014-03-18,81.7549,82.6491,82.7481,81.7365,34230639
QQQ,2014-03-19,82.6736,82.2001,82.7666,81.6611,44761303
QQQ,2014-03-20,81.9618,82.4266,82.6736,81.7814,34651598
QQQ,2014-03-21,82.9068,81.4404,82.9461,81.2717,68646262
QQQ,2014-03-24,81.7395,80.7206,81.7943,79.9836,84954776
QQQ,2014-03-25,81.1522,80.9906,81.6641,80.3109,45598279
QQQ,2014-03-26,81.403,79.9472,81.5726,79.9376,44731705
QQQ,2014-03-27,79.8534,79.4965,80.1906,79.0563,70801180
QQQ,2014-03-28,79.7434,79.6532,80.5315,79.4337,43600214
QQQ,2014-03-31,80.2736,80.2168,80.7589,80.1748,37039160
QQQ,2014-04-01,80.6119,81.6265,81.6822,80.255,42239668
QQQ,2014-04-02,81.9757,81.8392,82.0598,81.4745,37835252
QQQ,2014-04-03,81.9414,81.1894,82.0598,80.7206,33124620
QQQ,2014-04-04,81.702,79.0287,81.8119,78.8199,143381154
QQQ,2014-04-07,78.5454,78.2819,79.2689,77.7327,91783665
QQQ,2014-04-08,78.3702,79.0023,79.1133,78.0955,56268611
QQQ,2014-04-09,79.3063,80.3599,80.406,79.0854,49867021
QQQ,2014-04-10,80.406,77.8691,80.4158,77.6465,80471462
QQQ,2014-04-11,77.1827,76.9643,78.1788,76.7779,102334331
QQQ,2014-04-14,77.6387,77.5663,77.9749,76.8504,50807341
QQQ,2014-04-15,77.834,77.825,78.2729,76.2024,92476943
QQQ,2014-04-16,78.5366,78.8555,78.8555,77.8591,51300586
QQQ,2014-04-17,78.5944,78.8737,79.2689,78.3515,58664222
QQQ,2014-04-21,79.066,79.4601,79.4601,78.6945,28314788
QQQ,2014-04-22,79.6962,80.0895,80.2915,79.5962,42167126
QQQ,2014-04-23,80.109,79.3894,80.1179,79.3435,37452946
QQQ,2014-04-24,80.7023,80.1461,80.712,79.2875,53457376
QQQ,2014-04-25,79.6788,78.8643,79.7609,78.6757,48454656
QQQ,2014-04-28,79.2219,79.122,79.7061,77.8787,64039687
QQQ,2014-04-29,79.3795,79.7524,79.9001,78.9739,40126825
QQQ,2014-04-30,79.416,79.9658,80.0463,79.1857,42273310
QQQ,2014-05-01,80.0895,80.1982,80.656,79.8913,40571583
QQQ,2014-05-02,80.4697,80.0553,80.6219,79.8631,43783836
QQQ,2014-05-05,79.5865,80.4786,80.4955,79.3894,30478103
QQQ,2014-05-06,80.3699,79.4337,80.3963,79.3993,36814609
QQQ,2014-05-07,79.6062,79.2032,79.6788,78.2631,73749693
QQQ,2014-05-08,78.9278,79.1316,80.0895,78.7385,50856580
QQQ,2014-05-09,79.066,79.425,79.4799,78.5554,38333846
QQQ,2014-05-12,79.8913,80.7306,80.7589,79.8266,42555676
QQQ,2014-05-13,80.8147,80.7874,81.0765,80.6316,33122106
QQQ,2014-05-14,80.5474,80.3699,80.8434,80.1748,28930803
QQQ,2014-05-15,80.3502,79.7335,80.4865,79.2219,65200414
QQQ,2014-05-16,79.8266,80.255,80.3014,79.2786,73009722
QQQ,2014-05-19,80.0374,80.8147,80.9433,79.8816,34973837
QQQ,2014-05-20,80.7777,80.5217,81.0688,80.1906,36837508
QQQ,2014-05-21,80.6659,81.2884,81.3374,80.6219,40251450
QQQ,2014-05-22,81.3844,81.6462,81.8756,81.2521,33448619
QQQ,2014-05-23,81.7395,82.2413,82.2599,81.5461,24798097
QQQ,2014-05-27,82.6089,83.2665,83.2852,82.5345,32483982
QQQ,2014-05-28,83.2383,83.0108,83.3597,82.9364,33297969
QQQ,2014-05-29,83.3129,83.5391,83.5481,83.1411,36094924
QQQ,2014-05-30,83.5676,83.5481,83.6795,83.1137,32689599
QQQ,2014-06-02,83.6617,83.4648,83.6706,82.9364,33238292
QQQ,2014-06-03,83.1864,83.4303,83.5676,83.0863,23799243
QQQ,2014-06-04,83.2284,83.7431,83.8804,83.0961,21996396
QQQ,2014-06-05,83.8255,84.446,84.6038,83.5313,38866949
QQQ,2014-06-06,84.787,84.9311,84.9311,84.5939,24784816
QQQ,2014-06-09,84.9598,84.8695,85.0773,84.64,25562936
QQQ,2014-06-10,84.787,85.0136,85.0596,84.6938,22551641
QQQ,2014-06-11,84.7214,84.9959,85.1154,84.64,25005495
QQQ,2014-06-12,84.8137,84.2263,84.9036,83.9351,38507731
QQQ,2014-06-13,84.6137,84.4744,84.6843,84.1087,43111318
QQQ,2014-06-16,84.3276,84.5498,84.7967,84.1449,27554001
QQQ,2014-06-17,84.4938,84.5939,84.8227,84.345,21837977
QQQ,2014-06-18,84.6843,85.0684,85.188,84.1625,37705188
QQQ,2014-06-19,85.188,85.0136,85.2518,84.6321,41990717
QQQ,2014-06-20,85.0498,85.1144,85.2077,84.8932,28212617
QQQ,2014-06-23,85.086,85.1322,85.1587,84.8784,22694316
QQQ,2014-06-24,85.1322,85.0498,85.8508,84.8027,34801708
QQQ,2014-06-25,84.8585,85.5928,85.738,84.8487,35764986
QQQ,2014-06-26,85.6478,85.6381,85.6557,84.9773,24595757
QQQ,2014-06-27,85.5192,86.0126,86.0222,85.4998,24935613
QQQ,2014-06-30,85.9741,86.1615,86.3722,85.939,21532587
QQQ,2014-07-01,86.4351,87.1064,87.334,86.4272,34723913
QQQ,2014-07-02,87.1439,87.2525,87.38,87.0783,20473803
QQQ,2014-07-03,87.5279,87.8036,87.8036,87.2979,16667068
QQQ,2014-07-07,87.7017,87.5368,87.8131,87.3703,25353452
QQQ,2014-07-08,87.38,86.4802,87.434,86.1242,44261997
QQQ,2014-07-09,86.7124,87.1252,87.2291,86.4624,32614261
QQQ,2014-07-10,86.0388,86.8507,87.2115,85.9016,48225081
QQQ,2014-07-11,87.0496,87.4055,87.4055,86.8067,21327111
QQQ,2014-07-14,87.8036,87.9329,88.1318,87.6566,21327349
QQQ,2014-07-15,88.0575,87.63,88.1946,87.0018,43026853
QQQ,2014-07-16,88.2524,87.979,88.3546,87.8858,24036674
QQQ,2014-07-17,87.7369,86.8162,88.0495,86.5348,46957966
QQQ,2014-07-18,87.29,88.1846,88.2339,87.1634,39988321
QQQ,2014-07-21,88.0056,88.075,88.2241,87.6652,32428124
QQQ,2014-07-22,88.4829,88.6358,88.7752,88.4024,28079966
QQQ,2014-07-23,88.9406,89.2063,89.3063,88.7849,31528027
QQQ,2014-07-24,89.3632,89.1054,89.4652,88.98,26900910
QQQ,2014-07-25,88.674,88.7562,88.874,88.2889,32590461
QQQ,2014-07-28,88.8093,88.7849,89.0151,88.0947,27881681
QQQ,2014-07-29,88.97,88.6278,89.179,88.5564,29441817
QQQ,2014-07-30,89.1152,88.98,89.2877,88.6278,38518776
QQQ,2014-07-31,88.2612,87.183,88.3926,87.0496,54519722
QQQ,2014-08-01,87.0018,86.8586,87.4711,86.2809,66159205
QQQ,2014-08-04,87.0693,87.4535,87.7937,86.7222,36210163
QQQ,2014-08-05,87.1064,86.787,87.3526,86.3811,54852002
QQQ,2014-08-06,86.2351,86.7222,87.2624,86.1703,37474231
QQQ,2014-08-07,87.1162,86.4438,87.29,86.1429,36263153
QQQ,2014-08-08,86.5897,87.0693,87.1731,86.2174,43857016
QQQ,2014-08-11,87.3889,87.583,87.8584,87.3439,30821442
QQQ,2014-08-12,87.5096,87.5457,87.7751,87.0966,30684927
QQQ,2014-08-13,87.9046,88.473,88.5094,87.8584,30494306
QQQ,2014-08-14,88.5752,88.931,88.9505,88.473,27239470
QQQ,2014-08-15,89.421,89.3632,89.573,88.5191,60160190
QQQ,2014-08-18,89.8122,90.0533,90.1318,89.7014,42428528
QQQ,2014-08-19,90.2621,90.5572,90.6121,90.2073,23274444
QQQ,2014-08-20,90.47,90.5572,90.7375,90.3984,25494512
QQQ,2014-08-21,90.6121,90.7375,90.7819,90.4604,21063691
QQQ,2014-08-22,90.772,90.8738,91.0601,90.5759,26914719
QQQ,2014-08-25,91.306,91.1965,91.4552,90.9788,26279204
QQQ,2014-08-26,91.316,91.2884,91.3885,91.0797,21897267
QQQ,2014-08-27,91.316,91.306,91.4179,91.1171,16992250
QQQ,2014-08-28,91.0169,91.2062,91.316,90.9025,25676902
QQQ,2014-08-29,91.4267,91.5423,91.6621,91.0797,19517720
QQQ,2014-09-02,91.7836,91.81,91.8357,91.4365,19976270
QQQ,2014-09-03,92.0415,91.2709,92.0591,91.1072,28272212
QQQ,2014-09-04,91.5012,91.1866,91.9473,90.9593,26874315
QQQ,2014-09-05,91.36,91.6453,91.6993,90.855,33568871
QQQ,2014-09-08,91.6453,91.8189,92.0503,91.3985,27876038
QQQ,2014-09-09,91.8012,91.0601,92.1717,90.8837,39681114
QQQ,2014-09-10,91.1788,91.81,91.8454,90.9219,33870131
QQQ,2014-09-11,91.4179,91.7356,91.7836,91.0504,31334526
QQQ,2014-09-12,91.6542,91.2709,91.6796,90.9886,33183211
QQQ,2014-09-15,91.3699,90.3898,91.3798,90.1062,35923129
QQQ,2014-09-16,90.0601,91.1788,91.3521,89.9602,41595952
QQQ,2014-09-17,91.171,91.316,91.7444,90.7633,40544544
QQQ,2014-09-18,91.5896,92.002,92.0119,91.5012,32896700
QQQ,2014-09-19,92.3884,91.9473,92.4846,91.5808,50979473
QQQ,2014-09-22,91.7258,91.0935,91.7356,90.6963,52899738
QQQ,2014-09-23,90.7405,90.8427,91.2503,90.663,36947788
QQQ,2014-09-24,90.9268,91.8189,91.866,90.6258,39072132
QQQ,2014-09-25,91.5328,89.8878,91.6453,89.8505,74600054
QQQ,2014-09-26,90.1708,90.8427,91.013,90.0279,61010236
QQQ,2014-09-29,89.9435,90.7228,90.9739,89.8965,36251497
QQQ,2014-09-30,90.9739,90.8503,91.322,90.4178,45485301
QQQ,2014-10-01,90.6258,89.4024,90.6906,89.1152,63229894
QQQ,2014-10-02,89.3839,89.4024,89.6739,88.2592,59238142
QQQ,2014-10-03,89.9062,90.2847,90.6533,89.6082,45253367
QQQ,2014-10-06,90.5611,90.0907,90.7866,89.8141,39180790
QQQ,2014-10-07,89.6561,88.8093,89.9249,88.8015,49063512
QQQ,2014-10-08,88.8935,90.5415,90.8259,88.3426,70586813
QQQ,2014-10-09,90.4278,89.0799,90.6533,88.9406,67787963
QQQ,2014-10-10,88.5554,86.8537,89.0523,86.8359,84338833
QQQ,2014-10-13,86.7163,85.4912,87.3585,85.4175,87848545
QQQ,2014-10-14,86.079,85.5008,86.6026,85.2616,78066075
QQQ,2014-10-15,84.195,84.9491,85.3075,82.991,118328994
QQQ,2014-10-16,83.1666,84.4146,85.1391,83.1304,101287341
QQQ,2014-10-17,85.5202,85.5291,86.3477,85.0312,75607469
QQQ,2014-10-20,85.4912,86.8106,86.8802,85.3449,45033498
QQQ,2014-10-21,87.8652,89.0878,89.0878,87.6624,58260827
QQQ,2014-10-22,89.3553,88.6269,89.4858,88.5742,42588727
QQQ,2014-10-23,89.5033,89.9632,90.4554,89.3642,52314018
QQQ,2014-10-24,90.0907,90.6963,90.7593,89.7945,46929056
QQQ,2014-10-27,90.4924,90.7593,90.9268,90.1427,32126762
QQQ,2014-10-28,91.1394,92.1346,92.1522,91.1211,37508515
QQQ,2014-10-29,91.8189,91.7924,92.0777,91.1394,44095404
QQQ,2014-10-30,91.3847,91.9846,92.2071,91.1769,39075059
QQQ,2014-10-31,93.4961,93.2512,93.5718,92.9521,58993651
QQQ,2014-11-03,93.3736,93.5238,93.7698,93.2775,36330142
QQQ,2014-11-04,93.2138,93.2138,93.4482,92.5873,24738961
QQQ,2014-11-05,93.7991,93.2237,93.8325,92.9081,28037360
QQQ,2014-11-06,93.1765,93.5149,93.5422,92.8247,26818678
QQQ,2014-11-07,93.6736,93.4305,93.7129,92.9521,22757258
QQQ,2014-11-10,93.4776,93.7599,93.8863,93.2334,22132892
QQQ,2014-11-11,93.7795,94.0599,94.0599,93.5238,16791383
QQQ,2014-11-12,93.6736,94.2227,94.3275,93.6736,23972736
QQQ,2014-11-13,94.4041,94.6302,94.9832,94.1834,30468553
QQQ,2014-11-14,94.6011,94.9254,94.9254,94.2914,20919979
QQQ,2014-11-17,94.6969,94.6391,94.9166,94.1834,25397843
QQQ,2014-11-18,94.7157,95.3706,95.4893,94.7069,28629261
QQQ,2014-11-19,95.2646,94.9166,95.2646,94.4785,25811856
QQQ,2014-11-20,94.5079,95.3607,95.4372,94.4412,24858329
QQQ,2014-11-21,96.1811,95.5283,96.2654,95.2353,37022129
QQQ,2014-11-24,95.7833,96.2556,96.3028,95.7078,19470453
QQQ,2014-11-25,96.4095,96.4095,96.7055,96.1617,19054497
QQQ,2014-11-26,96.5017,97.0546,97.1075,96.401,20625539
QQQ,2014-11-28,97.2883,97.4801,97.6879,97.2486,18876986
QQQ,2014-12-01,97.2399,96.3813,97.4145,96.0275,39107950
QQQ,2014-12-02,96.4919,96.7802,96.9568,96.2753,28299456
QQQ,2014-12-03,96.9371,96.9568,97.0981,96.3322,35852473
QQQ,2014-12-04,96.8586,96.9175,97.2883,96.5017,33707597
QQQ,2014-12-05,97.0744,96.9272,97.2206,96.697,27858600
QQQ,2014-12-08,96.6686,96.2096,97.0981,95.7166,35535447
QQQ,2014-12-09,95.1109,96.5216,96.5991,94.754,50051301
QQQ,2014-12-10,96.342,95.0118,96.5893,94.8342,42718796
QQQ,2014-12-11,95.302,95.4656,96.5991,95.2843,51612282
QQQ,2014-12-12,94.5453,94.4225,95.6411,94.4129,50983843
QQQ,2014-12-15,94.9068,93.4383,95.2745,93.1765,57573101
QQQ,2014-12-16,92.8804,91.9473,94.2323,91.9307,70989721
QQQ,2014-12-17,92.0119,93.6089,93.8863,91.8924,86674950
QQQ,2014-12-18,94.9646,95.8715,95.8715,94.6969,54184292
QQQ,2014-12-19,95.9694,96.2842,96.6871,95.744,55700837
QQQ,2014-12-22,96.1322,96.5304,96.5595,96.0843,36683503
QQQ,2014-12-23,96.898,96.1901,96.9076,96.0745,32665298
QQQ,2014-12-24,96.3028,96.2654,96.649,96.2392,15482131
QQQ,2014-12-26,96.5497,96.9666,97.1752,96.5216,15084486
QQQ,2014-12-29,96.8783,96.947,97.1665,96.8193,18482692
QQQ,2014-12-30,96.6686,96.2842,96.898,96.1617,20150447
QQQ,2014-12-31,96.4578,95.3215,96.849,95.1773,26396921
QQQ,2015-01-02,95.7833,95.0215,96.1811,94.5548,33920142
QQQ,2015-01-05,94.6011,93.6168,94.7069,93.3638,39552414
QQQ,2015-01-06,93.7599,92.3698,93.9255,91.9571,71694249
QQQ,2015-01-07,92.9902,93.5619,93.7795,92.7642,40703138
QQQ,2015-01-08,94.3568,95.3706,95.547,94.252,43549097
QQQ,2015-01-09,95.6598,94.7157,95.6891,94.1638,44853091
QQQ,2015-01-12,94.9068,93.7313,95.0118,93.4961,36963137
QQQ,2015-01-13,94.6491,93.7029,95.6598,92.9619,60823751
QQQ,2015-01-14,92.7737,93.1944,93.6638,92.3698,55558886
QQQ,2015-01-15,93.552,91.9846,93.7698,91.8758,55148068
QQQ,2015-01-16,91.866,93.063,93.1844,91.7159,38298756
QQQ,2015-01-20,93.6168,93.7991,94.0414,92.5775,30232622
QQQ,2015-01-21,93.5238,94.2815,94.7157,93.1944,37379828
QQQ,2015-01-22,94.6491,96.0275,96.1233,93.8225,37388602
QQQ,2015-01-23,96.0177,96.2295,96.5304,95.744,34932731
QQQ,2015-01-26,96.1233,96.1233,96.2931,95.65,21600589
QQQ,2015-01-27,94.6109,93.6246,94.6678,93.3255,48977402
QQQ,2015-01-28,95.1501,93.1579,95.2548,93.1385,46345287
QQQ,2015-01-29,93.0804,94.0501,94.2227,92.2691,50371992
QQQ,2015-01-30,93.9707,93.3255,94.6873,93.1944,46503466
QQQ,2015-02-02,93.5324,94.1256,94.2129,92.0777,47242827
QQQ,2015-02-03,94.4785,95.0453,95.1109,93.8588,33308485
QQQ,2015-02-04,94.6491,94.955,95.5941,94.4412,36896502
QQQ,2015-02-05,95.2059,95.7833,95.842,94.955,25563574
QQQ,2015-02-06,95.9206,95.2059,96.152,94.851,37015951
QQQ,2015-02-09,94.8216,94.8883,95.3607,94.659,24482889
QQQ,2015-02-10,95.4283,96.3616,96.5017,95.2843,25655624
QQQ,2015-02-11,96.4822,96.7254,96.947,96.2842,21940092
QQQ,2015-02-12,97.3361,97.8254,97.8645,97.2107,24390165
QQQ,2015-02-13,98.1194,98.6973,98.7169,97.9233,31445921
QQQ,2015-02-17,98.6973,98.7859,98.855,98.4427,19144600
QQQ,2015-02-18,98.6675,98.9333,98.9827,98.541,16391482
QQQ,2015-02-19,98.865,99.3937,99.4622,98.8354,21471910
QQQ,2015-02-20,99.3347,100.05,100.109,99.0312,30696080
QQQ,2015-02-23,100.001,100.159,100.189,99.7862,19348280
QQQ,2015-02-24,100.031,100.239,100.364,99.7273,21375995
QQQ,2015-02-25,100.08,99.981,100.471,99.7663,21091793
QQQ,2015-02-26,100.08,100.491,100.551,99.8151,24086097
QQQ,2015-02-27,100.451,100.041,100.521,99.8931,30062647
QQQ,2015-03-02,100.249,100.973,101.013,100.229,24904081
QQQ,2015-03-03,100.666,100.481,100.766,99.8541,22521095
QQQ,2015-03-04,100.149,100.09,100.305,99.5506,22757800
QQQ,2015-03-05,100.364,100.277,100.571,99.8641,16662591
QQQ,2015-03-06,100.139,99.1496,100.344,98.9134,33572509
QQQ,2015-03-09,99.3447,99.4236,99.668,98.953,28423257
QQQ,2015-03-10,98.7366,97.5801,98.7564,97.5801,37086914
QQQ,2015-03-11,97.6782,97.0352,97.8351,96.9959,27581081
QQQ,2015-03-12,96.9568,97.3162,97.7566,96.898,23268197
QQQ,2015-03-13,97.5998,97.2486,97.9429,96.6273,45522426
QQQ,2015-03-16,97.5901,98.5018,98.541,97.4801,27813238
QQQ,2015-03-17,98.2175,98.6577,98.8154,97.9819,21237249
QQQ,2015-03-18,98.3835,99.6093,100.05,97.8545,44006861
QQQ,2015-03-19,99.7074,99.7563,100.031,99.5606,33923181
QQQ,2015-03-20,100.581,100.412,100.915,100.394,23879539
QQQ,2015-03-23,100.354,100.209,100.628,100.169,18664428
QQQ,2015-03-24,100.199,99.8541,100.666,99.835,24259594
QQQ,2015-03-25,100.001,97.5605,100.09,97.5193,44942705
QQQ,2015-03-26,96.7744,97.2486,97.7761,96.4391,51713928
QQQ,2015-03-27,97.2302,97.6096,97.8351,97.0881,36616910
QQQ,2015-03-30,98.2175,98.7564,98.8451,98.2175,33041288
QQQ,2015-03-31,98.4721,97.6782,98.6874,97.6587,32952658
QQQ,2015-04-01,97.6782,97.2007,97.6977,96.5595,35635618
QQQ,2015-04-02,97.2883,97.2585,97.5605,96.947,20713370
QQQ,2015-04-06,96.6871,98.0411,98.3256,96.5304,26427645
QQQ,2015-04-07,97.9819,97.8645,98.7366,97.8645,20943786
QQQ,2015-04-08,97.9038,98.6775,98.8154,97.894,27957894
QQQ,2015-04-09,98.6577,99.2752,99.315,98.2863,24981475
QQQ,2015-04-10,99.2359,99.678,99.688,99.0312,18551807
QQQ,2015-04-13,99.7563,99.4335,100.268,99.3249,19220953
QQQ,2015-04-14,99.4236,99.1596,99.6193,98.5999,25676033
QQQ,2015-04-15,99.4036,99.7663,99.971,99.2852,22823899
QQQ,2015-04-16,99.5021,99.6293,99.8061,99.3647,17504455
QQQ,2015-04-17,98.6973,98.0702,98.9628,97.639,50273932
QQQ,2015-04-20,98.5805,99.5408,99.7174,98.541,31285801
QQQ,2015-04-21,100.109,99.962,100.295,99.8541,24569708
QQQ,2015-04-22,100.229,100.511,100.686,99.5806,23153412
QQQ,2015-04-23,100.169,100.905,101.373,100.149,31855720
QQQ,2015-04-24,101.99,102.288,102.424,101.816,35135951
QQQ,2015-04-27,102.647,102.03,102.845,101.806,33637043
QQQ,2015-04-28,102.108,101.825,102.298,100.954,39827969
QQQ,2015-04-29,101.266,101.187,101.854,100.609,36795898
QQQ,2015-04-30,100.591,99.5706,101.013,99.0608,47643824
QQQ,2015-05-01,99.962,100.895,100.963,99.942,35531752
QQQ,2015-05-04,101.236,101.071,101.699,101.013,25407444
QQQ,2015-05-05,100.658,99.4036,100.845,99.3647,51710689
QQQ,2015-05-06,99.5806,98.7366,99.8641,98.0603,46109906
QQQ,2015-05-07,98.7169,99.315,99.5903,98.6391,31702398
QQQ,2015-05-08,100.344,100.551,100.776,100.189,35692795
QQQ,2015-05-11,100.618,100.159,100.825,100.08,21270006
QQQ,2015-05-12,99.5706,99.7074,100.219,98.8254,36386384
QQQ,2015-05-13,100.139,99.9121,100.666,99.7663,22414825
QQQ,2015-05-14,100.736,101.403,101.482,100.364,25836540
QQQ,2015-05-15,101.689,101.403,101.796,101.147,25856516
QQQ,2015-05-18,101.236,101.845,102.05,101.157,19038541
QQQ,2015-05-19,101.96,101.728,102.118,101.571,15361717
QQQ,2015-05-20,101.806,101.796,102.414,101.266,22840026
QQQ,2015-05-21,101.63,102.326,102.463,101.472,18127577
QQQ,2015-05-22,102.198,102.218,102.568,102.148,14638531
QQQ,2015-05-26,102.01,101.041,102.148,100.618,27543979
QQQ,2015-05-27,101.354,102.657,102.766,101.127,33043991
QQQ,2015-05-28,102.472,102.444,102.707,102.138,18697894
QQQ,2015-05-29,102.385,101.835,102.511,101.6,32838954
QQQ,2015-06-01,102.385,102.178,102.453,101.344,26556356
QQQ,2015-06-02,101.796,101.854,102.356,101.295,21008369
QQQ,2015-06-03,102.316,102.158,102.529,101.912,22164935
QQQ,2015-06-04,101.591,101.383,102.228,101.051,33910710
QQQ,2015-06-05,101.266,101.137,101.501,100.491,24471981
QQQ,2015-06-08,101.09,100.08,101.167,99.8841,26533678
QQQ,2015-06-09,99.8541,99.922,100.286,99.1685,29781869
QQQ,2015-06-10,100.179,101.315,101.62,100.149,32745975
QQQ,2015-06-11,101.659,101.462,101.931,101.285,19015657
QQQ,2015-06-12,100.915,100.609,101.137,100.461,29399621
QQQ,2015-06-15,99.8641,100.1,100.268,99.2752,33764042
QQQ,2015-06-16,100.001,100.658,100.825,99.962,17787112
QQQ,2015-06-17,100.825,100.944,101.276,100.315,25179929
QQQ,2015-06-18,101.325,102.424,102.578,101.266,46510890
QQQ,2015-06-19,102.472,101.921,102.529,101.845,30061842
QQQ,2015-06-22,102.647,102.647,102.973,102.434,20619006
QQQ,2015-06-23,102.766,102.736,102.835,102.326,19548329
QQQ,2015-06-24,102.607,102.218,103.061,102.188,17055155
QQQ,2015-06-25,102.597,102.02,102.707,101.854,19762581
QQQ,2015-06-26,102.01,101.344,102.228,100.954,34843376
QQQ,2015-06-29,100.199,98.953,100.766,98.9134,54861200
QQQ,2015-06-30,99.668,99.2852,99.8841,99.0025,37537448
QQQ,2015-07-01,100.268,100.06,100.461,99.6093,22961306
QQQ,2015-07-02,100.364,100.09,100.442,99.7961,22105628
QQQ,2015-07-06,99.4722,99.8641,100.442,99.2556,26215887
QQQ,2015-07-07,99.971,100.109,100.209,98.1291,47696395
QQQ,2015-07-08,99.4036,98.3739,99.5208,98.1878,42801418
QQQ,2015-07-09,99.678,98.3256,99.7762,98.3157,30604792
QQQ,2015-07-10,99.6293,99.8251,100.189,99.2653,28485608
QQQ,2015-07-13,100.686,101.6,101.679,100.676,27800748
QQQ,2015-07-14,101.728,102.258,102.529,101.679,23699185
QQQ,2015-07-15,102.453,102.375,102.756,102.089,30870429
QQQ,2015-07-16,103.216,103.804,103.824,103.012,32176925
QQQ,2015-07-17,104.629,105.325,105.325,104.451,38741843
QQQ,2015-07-20,105.561,105.685,106.051,105.215,28618463
QQQ,2015-07-21,105.715,105.627,105.883,105.315,38247957
QQQ,2015-07-22,104.011,104.422,104.953,104.011,38362367
QQQ,2015-07-23,104.51,104.04,104.885,103.774,27711782
QQQ,2015-07-24,104.589,103.031,104.786,102.875,33261537
QQQ,2015-07-27,102.453,102.188,102.895,101.97,38815170
QQQ,2015-07-28,102.617,103.061,103.255,101.825,36182477
QQQ,2015-07-29,103.274,103.454,103.677,102.885,28807174
QQQ,2015-07-30,103.216,103.944,104.108,102.568,27431191
QQQ,2015-07-31,104.267,103.814,104.306,103.619,23811913
QQQ,2015-08-03,103.834,103.502,104.118,102.805,26960797
QQQ,2015-08-04,103.454,103.294,103.647,102.875,23866475
QQQ,2015-08-05,103.874,104.089,104.786,103.746,31261295
QQQ,2015-08-06,104.188,102.434,104.315,101.98,45415111
QQQ,2015-08-07,102.188,102.307,102.529,101.462,32357981
QQQ,2015-08-10,102.955,103.473,103.687,102.945,23185385
QQQ,2015-08-11,102.925,102.158,103.314,101.591,38940010
QQQ,2015-08-12,101.442,102.491,102.687,100.354,45171104
QQQ,2015-08-13,102.578,102.336,103.089,102.118,24274310
QQQ,2015-08-14,102.098,102.481,102.617,101.894,19329404
QQQ,2015-08-17,102.238,103.334,103.364,101.99,22887974
QQQ,2015-08-18,103.206,102.805,103.274,102.657,15080039
QQQ,2015-08-19,102.491,102.148,103.041,101.551,45842270
QQQ,2015-08-20,101.197,99.2952,101.521,99.2852,62272088
QQQ,2015-08-21,97.8743,94.9646,98.7464,94.9646,105423647
QQQ,2015-08-24,87.3829,91.304,95.0912,78.5846,162648213
QQQ,2015-08-25,94.6491,90.9632,95.2942,90.8877,80971733
QQQ,2015-08-26,93.6089,95.5568,95.744,91.7405,112260852
QQQ,2015-08-27,96.9371,97.9429,98.0115,95.7833,74813679
QQQ,2015-08-28,97.4311,97.9233,98.2962,97.2399,53831051
QQQ,2015-08-31,97.3949,96.7353,97.9133,96.4919,42648183
QQQ,2015-09-01,94.3087,93.6933,95.7931,93.317,78887602
QQQ,2015-09-02,95.4283,96.342,96.3616,94.2991,47408260
QQQ,2015-09-03,96.7353,95.8715,97.3851,95.6235,48667990
QQQ,2015-09-04,94.5548,94.7343,95.399,94.1932,53248738
QQQ,2015-09-08,96.5497,97.4047,97.5096,96.152,40269547
QQQ,2015-09-09,98.5607,96.3028,98.5901,96.0645,50840878
QQQ,2015-09-10,96.1999,97.3557,97.9819,96.0843,51416869
QQQ,2015-09-11,96.9272,97.8743,97.8743,96.6361,31386597
QQQ,2015-09-14,98.2568,97.5901,98.2766,97.2399,21263865
QQQ,2015-09-15,97.8056,98.7663,99.0704,97.4606,32372434
QQQ,2015-09-16,98.7859,99.3051,99.3937,98.4231,33783889
QQQ,2015-09-17,99.1961,99.3447,100.816,98.9134,60538638
QQQ,2015-09-18,97.7958,97.9133,99.11,97.7467,52048384
QQQ,2015-09-21,98.4721,98.2374,99.0608,97.3461,38481932
QQQ,2015-09-22,96.7353,96.7744,97.0744,95.8715,50946505
QQQ,2015-09-23,97.0352,96.849,97.2883,96.3322,23424294
QQQ,2015-09-24,95.9008,96.4919,96.8586,95.0814,41140758
QQQ,2015-09-25,97.5096,95.6891,97.5998,95.0912,48085472
QQQ,2015-09-28,95.2843,92.9521,95.3511,92.6707,47415793
QQQ,2015-09-29,93.1765,92.4669,94.1158,91.7982,53050540
QQQ,2015-09-30,93.7795,94.5923,94.6969,93.412,44547801
QQQ,2015-10-01,94.7625,95.0353,95.0453,93.4961,42318553
QQQ,2015-10-02,93.6933,96.6871,96.6871,93.4021,63867404
QQQ,2015-10-05,97.3949,98.0603,98.3356,97.1909,35334987
QQQ,2015-10-06,97.8154,97.5998,98.1586,96.849,35554742
QQQ,2015-10-07,98.2175,98.1878,98.4033,96.947,40221078
QQQ,2015-10-08,97.7958,98.5901,98.7663,96.8783,53989983
QQQ,2015-10-09,98.6391,99.041,99.2061,98.3551,25718308
QQQ,2015-10-12,99.2061,99.2653,99.4523,98.8836,17385352
QQQ,2015-10-13,98.7169,98.6391,99.6975,98.541,29044486
QQQ,2015-10-14,98.6391,98.4721,99.1397,98.0507,33243092
QQQ,2015-10-15,98.855,100.07,100.08,98.7169,41301656
QQQ,2015-10-16,100.295,100.491,100.551,99.8151,29142917
QQQ,2015-10-19,100.374,101.09,101.157,100.139,25576955
QQQ,2015-10-20,100.885,100.551,101.127,100.209,16061863
QQQ,2015-10-21,101.081,99.942,101.187,99.9021,32482116
QQQ,2015-10-22,100.835,102.01,102.089,100.541,46018658
QQQ,2015-10-23,104.717,104.835,105.255,104.178,57197938
QQQ,2015-10-26,104.757,104.905,105.098,104.354,27880970
QQQ,2015-10-27,104.609,105.108,105.255,104.579,33767942
QQQ,2015-10-28,105.265,105.963,105.963,104.412,45419580
QQQ,2015-10-29,105.514,105.814,105.973,105.394,26800176
QQQ,2015-10-30,105.863,105.345,106.022,105.315,29259205
QQQ,2015-11-02,105.627,106.53,106.668,105.404,23856546
QQQ,2015-11-03,106.314,106.902,107.295,106.149,21964733
QQQ,2015-11-04,107.265,106.912,107.345,106.471,30795509
QQQ,2015-11-05,107.001,106.628,107.265,106.051,26897745
QQQ,2015-11-06,106.422,106.698,106.817,105.735,32191340
QQQ,2015-11-09,106.294,105.58,106.441,104.924,36015431
QQQ,2015-11-10,105.009,105.295,105.404,104.687,38137158
QQQ,2015-11-11,105.6,105.167,106.079,105.001,24471739
QQQ,2015-11-12,104.707,104.148,105.245,104.07,33559574
QQQ,2015-11-13,103.707,102.128,103.824,102.069,56837674
QQQ,2015-11-16,102.03,103.589,103.609,101.786,36554212
QQQ,2015-11-17,103.746,103.647,104.373,103.384,32895412
QQQ,2015-11-18,104.05,105.627,105.715,103.962,35463197
QQQ,2015-11-19,105.675,105.695,106.169,105.504,28171524
QQQ,2015-11-20,106.179,106.412,106.501,106.079,24448826
QQQ,2015-11-23,106.461,106.089,106.836,105.657,22263572
QQQ,2015-11-24,105.434,105.993,106.256,104.895,28367631
QQQ,2015-11-25,106.129,106.089,106.294,105.873,15232337
QQQ,2015-11-27,106.324,106.246,106.471,105.883,9496504
QQQ,2015-11-30,106.53,105.963,106.568,105.647,26938192
QQQ,2015-12-01,106.402,107.04,107.04,106.276,30808528
QQQ,2015-12-02,107.107,106.382,107.598,106.218,24084521
QQQ,2015-12-03,106.668,104.57,106.854,103.972,45987784
QQQ,2015-12-04,104.895,107.021,107.206,104.677,43069630
QQQ,2015-12-07,107.098,106.539,107.167,106.013,27853106
QQQ,2015-12-08,105.454,106.549,106.892,105.394,33124813
QQQ,2015-12-09,106.051,104.943,106.668,104.296,52183172
QQQ,2015-12-10,105.177,105.414,106.099,104.865,32438437
QQQ,2015-12-11,104.198,103.003,104.461,102.935,60265192
QQQ,2015-12-14,103.176,103.764,103.814,101.699,57087913
QQQ,2015-12-15,104.658,104.392,105.295,104.277,52095821
QQQ,2015-12-16,105.098,105.923,106.109,104.001,48348061
QQQ,2015-12-17,106.392,104.402,106.412,104.382,49127537
QQQ,2015-12-18,104.03,102.501,104.306,102.501,43969381
QQQ,2015-12-21,103.384,103.56,103.58,102.607,28348095
QQQ,2015-12-22,104.099,104.227,104.364,103.56,28463334
QQQ,2015-12-23,104.737,105.001,105.069,104.56,27515973
QQQ,2015-12-24,104.963,104.982,105.265,104.934,12312092
QQQ,2015-12-28,104.717,104.924,104.943,103.982,20573665
QQQ,2015-12-29,105.58,106.568,106.807,105.494,29734649
QQQ,2015-12-30,106.441,105.618,106.52,105.608,16831355
QQQ,2015-12-31,105.235,104.296,105.444,104.286,30032829
QQQ,2016-01-04,102.05,102.118,102.208,100.806,48522817
QQQ,2016-01-05,102.597,101.94,102.736,101.462,37018318
QQQ,2016-01-06,100.159,100.944,101.551,100.139,41545296
QQQ,2016-01-07,98.8154,97.7664,100.031,97.7075,62360455
QQQ,2016-01-08,98.5311,96.986,99.1198,96.8882,57773753
QQQ,2016-01-11,97.6879,97.2783,97.9429,95.7931,53648789
QQQ,2016-01-12,98.1878,98.4033,98.9333,97.0546,48918733
QQQ,2016-01-13,98.855,95.0215,99.0608,94.8687,68987651
QQQ,2016-01-14,95.4089,97.0448,97.8645,93.8677,72344565
QQQ,2016-01-15,93.7698,94.0244,95.0617,92.7853,95389568
QQQ,2016-01-19,95.3116,94.2227,95.4656,93.1286,60662356
QQQ,2016-01-20,92.7582,93.945,94.955,90.6808,86350077
QQQ,2016-01-21,94.3473,94.0344,95.4469,93.0719,61647495
QQQ,2016-01-22,95.8813,96.7645,96.8,95.6136,40292919
QQQ,2016-01-25,96.4675,95.3411,96.9666,95.2548,35341248
QQQ,2016-01-26,95.7265,96.1811,96.5893,94.8883,32648199
QQQ,2016-01-27,95.6332,93.7795,96.0275,93.3825,50031722
QQQ,2016-01-28,95.302,95.1205,95.399,93.4776,48701947
QQQ,2016-01-29,95.1205,97.1075,97.1371,95.0617,46646734
QQQ,2016-02-01,96.6183,97.3461,97.6977,96.2489,27949104
QQQ,2016-02-02,96.947,95.2646,96.947,94.9646,40667989
QQQ,2016-02-03,95.851,94.7923,95.8715,93.1286,64186124
QQQ,2016-02-04,94.4981,94.7824,95.5373,93.6442,47154390
QQQ,2016-02-05,94.4412,91.4904,94.4785,91.1191,62286786
QQQ,2016-02-08,89.821,90.1023,90.4915,88.4339,90831602
QQQ,2016-02-09,88.9172,89.8112,91.1759,88.7483,67114196
QQQ,2016-02-10,90.9121,90.1563,92.0218,90.0927,55385720
QQQ,2016-02-11,89.0034,90.0289,90.7433,88.7572,73363013
QQQ,2016-02-12,91.0806,91.3965,91.4904,90.1944,48068616
QQQ,2016-02-16,92.7197,93.4482,93.4482,92.1737,36568857
QQQ,2016-02-17,94.1735,95.5861,95.7166,93.8961,39929882
QQQ,2016-02-18,95.8617,94.4785,95.8813,94.3568,33304532
QQQ,2016-02-19,94.0784,94.7625,95.0617,93.8225,26284870
QQQ,2016-02-22,95.6235,96.2931,96.3913,95.5666,21860165
QQQ,2016-02-23,95.744,94.7157,95.9988,94.6491,26623618
QQQ,2016-02-24,93.6442,95.6332,95.744,93.0285,40612248
QQQ,2016-02-25,95.8127,96.5595,96.5595,94.9646,28980006
QQQ,2016-02-26,97.2399,96.4391,97.3065,96.2096,27344781
QQQ,2016-02-29,96.3225,95.5861,97.0744,95.5861,25930075
QQQ,2016-03-01,96.4578,98.6479,98.6479,96.1901,35285863
QQQ,2016-03-02,98.4919,98.6874,98.7071,97.894,29807796
QQQ,2016-03-03,98.5706,98.4919,98.6099,97.7664,22559036
QQQ,2016-03-04,98.6198,98.5311,99.1685,97.8545,29581847
QQQ,2016-03-07,98.0016,97.9038,98.5999,97.2302,27026282
QQQ,2016-03-08,97.2585,97.1172,98.0901,96.947,29905758
QQQ,2016-03-09,97.4899,97.7175,97.7372,96.9371,24120938
QQQ,2016-03-10,98.1878,97.5801,98.7169,96.3225,48258134
QQQ,2016-03-11,98.6577,99.2952,99.2952,98.3356,28929555
QQQ,2016-03-14,98.9333,99.4622,99.688,98.9134,27213552
QQQ,2016-03-15,99.1001,99.4236,99.5308,98.8057,28446582
QQQ,2016-03-16,99.1775,100.305,100.561,99.1685,33989498
QQQ,2016-03-17,100.001,100.249,100.471,99.6393,31770248
QQQ,2016-03-18,100.481,100.412,100.658,99.8741,40293263
QQQ,2016-03-21,100.209,100.796,100.895,100.169,18486466
QQQ,2016-03-22,100.229,101.117,101.364,100.209,20145704
QQQ,2016-03-23,100.915,100.277,100.993,100.041,22361905
QQQ,2016-03-24,99.7563,100.305,100.335,99.6293,20334946
QQQ,2016-03-28,100.581,100.159,100.6,99.981,14315365
QQQ,2016-03-29,99.9909,101.786,101.854,99.8151,26610830
QQQ,2016-03-30,102.404,102.288,102.925,102.069,23653170
QQQ,2016-03-31,102.228,102.138,102.578,101.98,17990256
QQQ,2016-04-01,101.561,103.226,103.255,101.383,26472765
QQQ,2016-04-04,103.176,102.825,103.274,102.568,16593189
QQQ,2016-04-05,102.02,101.835,102.424,101.699,18622383
QQQ,2016-04-06,101.95,103.512,103.551,101.94,23218612
QQQ,2016-04-07,102.925,102.02,103.089,101.591,27298081
QQQ,2016-04-08,102.657,101.95,102.905,101.6,22416791
QQQ,2016-04-11,102.404,101.581,102.905,101.571,23735107
QQQ,2016-04-12,101.63,102.424,102.607,101.022,26557193
QQQ,2016-04-13,103.186,103.717,103.884,103.081,23640154
QQQ,2016-04-14,102.885,103.726,104.108,102.885,17008714
QQQ,2016-04-15,103.657,103.483,103.854,103.226,19843157
QQQ,2016-04-18,103.196,104.011,104.05,103.118,16527273
QQQ,2016-04-19,104.217,103.394,104.217,102.766,34211463
QQQ,2016-04-20,103.384,103.483,103.953,103.041,17854634
QQQ,2016-04-21,103.424,103.493,103.854,103.021,14776919
QQQ,2016-04-22,102.148,101.931,102.607,101.117,36863154
QQQ,2016-04-25,101.6,101.931,101.94,101.432,14740709
QQQ,2016-04-26,102.138,101.432,102.316,101.117,16557752
QQQ,2016-04-27,100.384,100.6,100.835,99.7762,31448066
QQQ,2016-04-28,100.706,99.3937,101.334,99.1861,28111139
QQQ,2016-04-29,99.3347,98.8836,99.5903,98.0702,70093015
QQQ,2016-05-02,99.11,99.8061,99.942,98.7169,21640520
QQQ,2016-05-03,99.1001,98.8935,99.5408,98.6198,35052771
QQQ,2016-05-04,98.306,98.2374,98.6479,97.9819,26327896
QQQ,2016-05-05,98.5999,98.2075,98.8254,98.0016,19678926
QQQ,2016-05-06,97.7175,98.7464,98.7564,97.6193,23288328
QQQ,2016-05-09,98.7761,99.0213,99.4822,98.7071,17980522
QQQ,2016-05-10,99.3745,100.374,100.422,99.1861,22246309
QQQ,2016-05-11,100.209,99.4722,100.511,99.4425,18199896
QQQ,2016-05-12,99.7663,99.0312,99.8151,98.3256,26715101
QQQ,2016-05-13,99.0025,98.6675,99.5506,98.4623,20121604
QQQ,2016-05-16,98.8354,99.8931,100.258,98.7269,17585911
QQQ,2016-05-17,99.8251,98.6479,100.09,98.3739,27601955
QQQ,2016-05-18,98.4623,99.0124,99.5308,98.2275,28537095
QQQ,2016-05-19,98.6198,98.4821,98.865,97.7467,21304914
QQQ,2016-05-20,98.9034,99.5706,99.962,98.8354,28308589
QQQ,2016-05-23,99.6393,99.4425,100.031,99.3447,13834857
QQQ,2016-05-24,99.981,101.442,101.571,99.952,24754381
QQQ,2016-05-25,101.816,102.168,102.472,101.659,38012349
QQQ,2016-05-26,102.278,102.472,102.588,102.03,20534125
QQQ,2016-05-27,102.538,103.012,103.021,102.511,14478583
QQQ,2016-05-31,103.146,103.206,103.354,102.667,23456952
QQQ,2016-06-01,102.885,103.216,103.444,102.795,18625998
QQQ,2016-06-02,103.012,103.424,103.434,102.444,14398005
QQQ,2016-06-03,103.236,102.945,103.265,102.268,19994098
QQQ,2016-06-06,103.118,103.304,103.589,102.955,12688044
QQQ,2016-06-07,103.374,103.051,103.473,103.012,12163938
QQQ,2016-06-08,103.236,103.236,103.444,102.845,14289297
QQQ,2016-06-09,102.815,103.061,103.176,102.597,17601898
QQQ,2016-06-10,102.138,101.903,102.326,101.541,32576564
QQQ,2016-06-13,101.334,101.031,101.884,100.895,24214421
QQQ,2016-06-14,100.796,101.031,101.413,100.286,23997304
QQQ,2016-06-15,101.315,100.736,101.423,100.561,20557285
QQQ,2016-06-16,100.219,101.041,101.137,99.6003,26874774
QQQ,2016-06-17,100.825,99.8541,100.855,99.6193,28129076
QQQ,2016-06-20,101.022,100.471,101.511,100.403,19624672
QQQ,2016-06-21,100.638,100.796,101.013,100.422,20026764
QQQ,2016-06-22,100.875,100.551,101.462,100.461,19318434
QQQ,2016-06-23,101.373,102.01,102.02,100.915,18639301
QQQ,2016-06-24,98.2766,97.7761,99.8641,97.5703,67570800
QQQ,2016-06-27,97.1567,95.842,97.1567,95.4283,47886555
QQQ,2016-06-28,96.898,97.9329,97.9819,96.8683,26941963
QQQ,2016-06-29,98.7071,99.678,99.8841,98.6775,29604307
QQQ,2016-06-30,99.8741,100.835,100.905,99.5121,31939862
QQQ,2016-07-01,100.796,101.364,101.728,100.756,19860517
QQQ,2016-07-05,100.875,100.726,100.954,100.169,20445873
QQQ,2016-07-06,100.249,101.571,101.62,99.922,23888362
QQQ,2016-07-07,101.649,101.864,102.089,101.393,17849160
QQQ,2016-07-08,102.385,103.434,103.493,102.238,25190065
QQQ,2016-07-11,103.774,104.001,104.392,103.756,19244096
QQQ,2016-07-12,104.619,104.52,104.815,104.392,22259588
QQQ,2016-07-13,104.815,104.296,104.845,104.286,16697054
QQQ,2016-07-14,104.982,105.001,105.187,104.727,16189969
QQQ,2016-07-15,105.215,104.825,105.295,104.579,14584801
QQQ,2016-07-18,104.885,105.532,105.705,104.875,20409274
QQQ,2016-07-19,105.167,105.128,105.474,104.953,14200035
QQQ,2016-07-20,105.715,106.363,106.559,105.59,17408738
QQQ,2016-07-21,106.441,106.109,106.648,105.833,16391748
QQQ,2016-07-22,106.208,106.559,106.678,105.863,13643247
QQQ,2016-07-25,106.481,106.568,106.598,106.208,12827092
QQQ,2016-07-26,106.539,106.688,107.068,106.149,17010954
QQQ,2016-07-27,107.608,107.444,107.726,106.982,24540033
QQQ,2016-07-28,107.608,107.824,107.952,107.265,15275495
QQQ,2016-07-29,108.071,108.061,108.364,107.716,21046142
QQQ,2016-08-01,108.136,108.657,108.903,108.012,14554281
QQQ,2016-08-02,108.502,107.805,108.587,107.088,20543686
QQQ,2016-08-03,107.726,108.166,108.176,107.648,12197488
QQQ,2016-08-04,108.146,108.493,108.597,107.874,12601995
QQQ,2016-08-05,109.04,109.501,109.735,108.903,16890543
QQQ,2016-08-08,109.541,109.381,109.589,109.04,11777168
QQQ,2016-08-09,109.451,109.627,109.983,109.401,13542917
QQQ,2016-08-10,109.667,109.363,109.716,109.069,12088660
QQQ,2016-08-11,109.706,109.815,110.039,109.501,9024343
QQQ,2016-08-12,109.627,109.895,109.905,109.511,18618660
QQQ,2016-08-15,110.011,110.353,110.61,110.001,11103648
QQQ,2016-08-16,110.136,109.745,110.155,109.726,12524067
QQQ,2016-08-17,109.775,109.954,109.992,109.188,13532897
QQQ,2016-08-18,109.845,109.983,110.126,109.647,9368516
QQQ,2016-08-19,109.795,109.954,110.185,109.481,15952520
QQQ,2016-08-22,109.785,110.03,110.215,109.589,14129980
QQQ,2016-08-23,110.433,110.225,110.647,110.175,11591806
QQQ,2016-08-24,110.155,109.521,110.295,109.168,17934692
QQQ,2016-08-25,109.238,109.353,109.667,109.118,23744020
QQQ,2016-08-26,109.391,109.501,110.205,108.854,23409683
QQQ,2016-08-29,109.531,109.647,109.944,109.511,11316340
QQQ,2016-08-30,109.451,109.305,109.785,108.932,18420707
QQQ,2016-08-31,109.138,109.188,109.305,108.764,15001736
QQQ,2016-09-01,109.238,109.461,109.599,108.726,19617787
QQQ,2016-09-02,110.001,109.815,110.225,109.411,18074222
QQQ,2016-09-06,109.983,110.493,110.493,109.755,16871636
QQQ,2016-09-07,110.59,110.561,110.754,110.136,14150046
QQQ,2016-09-08,110.235,109.925,110.255,109.627,18634075
QQQ,2016-09-09,109.002,107.147,109.266,107.127,47016742
QQQ,2016-09-12,106.549,109.089,109.247,106.539,40638672
QQQ,2016-09-13,108.55,108.116,108.864,107.578,37720290
QQQ,2016-09-14,108.255,108.657,109.228,108.206,25229358
QQQ,2016-09-15,108.707,110.325,110.453,108.677,32509862
QQQ,2016-09-16,110.175,110.245,110.363,109.696,24731572
QQQ,2016-09-19,110.503,109.765,110.873,109.56,16972556
QQQ,2016-09-20,110.145,109.983,110.413,109.785,10888565
QQQ,2016-09-21,110.413,111.069,111.226,109.795,28085162
QQQ,2016-09-22,111.717,111.941,112.079,111.589,18339544
QQQ,2016-09-23,111.785,111.226,111.863,111.079,17265619
QQQ,2016-09-26,110.59,110.285,110.724,110.126,16165068
QQQ,2016-09-27,110.255,111.382,111.431,110.108,18057649
QQQ,2016-09-28,111.491,111.569,111.639,111.012,14583655
QQQ,2016-09-29,111.382,110.764,111.589,110.285,23853675
QQQ,2016-09-30,111.069,111.589,111.932,110.953,21745966
QQQ,2016-10-03,111.402,111.422,111.569,111.012,16026671
QQQ,2016-10-04,111.727,111.265,112.02,110.843,19973187
QQQ,2016-10-05,111.569,111.658,112.029,111.539,15088343
QQQ,2016-10-06,111.501,111.599,111.843,111.069,11354508
QQQ,2016-10-07,111.727,111.353,111.872,110.813,17212538
QQQ,2016-10-10,111.922,112.079,112.334,111.892,13742680
QQQ,2016-10-11,111.961,110.453,112.0,109.983,24723103
QQQ,2016-10-12,110.513,110.363,110.744,110.03,13593875
QQQ,2016-10-13,109.627,109.983,110.265,109.002,23066055
QQQ,2016-10-14,110.513,110.098,110.972,110.039,18504746
QQQ,2016-10-17,110.058,109.805,110.255,109.667,13571316
QQQ,2016-10-18,111.089,110.784,111.303,110.724,16231297
QQQ,2016-10-19,110.695,110.774,110.943,110.571,13685060
QQQ,2016-10-20,110.61,110.637,110.893,110.001,17283263
QQQ,2016-10-21,110.724,111.069,111.129,110.353,13616208
QQQ,2016-10-24,111.794,112.423,112.5,111.755,16111118
QQQ,2016-10-25,112.471,112.049,112.51,111.872,16188682
QQQ,2016-10-26,111.303,111.275,111.892,110.953,19176386
QQQ,2016-10-27,111.765,110.764,111.853,110.6,16964293
QQQ,2016-10-28,110.413,110.058,111.031,109.726,31927668
QQQ,2016-10-31,110.463,109.973,110.463,109.915,19945353
QQQ,2016-11-01,110.145,109.158,110.165,108.225,24997664
QQQ,2016-11-02,109.098,108.295,109.334,108.022,28679844
QQQ,2016-11-03,108.136,107.206,108.483,107.078,38514675
QQQ,2016-11-04,106.882,106.817,107.676,106.638,28719587
QQQ,2016-11-07,108.558,109.381,109.481,108.414,25452249
QQQ,2016-11-08,109.257,110.068,110.571,109.011,20018803
QQQ,2016-11-09,108.804,110.58,110.764,108.707,70452177
QQQ,2016-11-10,111.059,108.834,111.275,107.355,69167031
QQQ,2016-11-11,108.325,108.864,109.098,107.972,38216611
QQQ,2016-11-14,108.903,107.766,109.002,107.187,38196373
QQQ,2016-11-15,108.578,109.266,109.627,108.444,33824864
QQQ,2016-11-16,108.794,109.895,109.973,108.774,15895257
QQQ,2016-11-17,109.845,110.685,110.705,109.618,19038413
QQQ,2016-11-18,110.754,110.275,111.022,110.165,16145077
QQQ,2016-11-21,110.533,111.392,111.521,110.503,19944638
QQQ,2016-11-22,111.833,111.765,112.049,111.481,18591191
QQQ,2016-11-23,111.382,111.313,111.511,110.823,19490230
QQQ,2016-11-25,111.431,111.668,111.717,111.313,7158120
QQQ,2016-11-28,111.511,111.402,111.941,111.303,11838922
QQQ,2016-11-29,111.501,111.804,112.364,111.207,19433924
QQQ,2016-11-30,111.922,110.433,111.99,110.403,29563293
QQQ,2016-12-01,110.403,108.578,110.413,108.404,38142468
QQQ,2016-12-02,108.677,108.794,109.208,108.335,33404527
QQQ,2016-12-05,109.353,109.608,110.03,108.844,20346944
QQQ,2016-12-06,109.865,109.865,110.039,109.411,15938936
QQQ,2016-12-07,109.637,111.255,111.382,109.324,25786556
QQQ,2016-12-08,111.294,111.461,111.737,111.089,17551294
QQQ,2016-12-09,111.892,112.354,112.393,111.863,17877177
QQQ,2016-12-12,111.814,111.823,112.069,111.353,19134055
QQQ,2016-12-13,112.206,113.244,113.834,112.177,44235177
QQQ,2016-12-14,113.324,113.022,113.726,112.695,27996790
QQQ,2016-12-15,113.176,113.195,113.834,112.903,22085654
QQQ,2016-12-16,113.402,112.785,113.629,112.559,22890709
QQQ,2016-12-19,112.903,113.234,113.911,112.735,15390501
QQQ,2016-12-20,113.54,113.659,113.852,113.441,11792626
QQQ,2016-12-21,113.659,113.55,113.765,113.324,7100668
QQQ,2016-12-22,113.57,113.264,113.609,112.825,15654467
QQQ,2016-12-23,113.118,113.324,113.373,112.973,7414049
QQQ,2016-12-27,113.55,113.901,114.558,113.52,16274247
QQQ,2016-12-28,114.138,113.04,114.266,112.963,17196867
QQQ,2016-12-29,113.022,112.883,113.274,112.529,13166954
QQQ,2016-12-30,113.088,111.697,113.108,111.373,44281216
QQQ,2017-01-03,112.51,112.725,113.147,112.099,22344398
QQQ,2017-01-04,112.845,113.324,113.52,112.835,16359253
QQQ,2017-01-05,113.294,113.95,114.029,113.244,17767691
QQQ,2017-01-06,114.068,114.953,115.255,113.765,23071222
QQQ,2017-01-09,115.039,115.333,115.549,114.963,18148756
QQQ,2017-01-10,115.373,115.598,115.932,115.107,15712879
QQQ,2017-01-11,115.618,115.893,115.893,115.031,19180595
QQQ,2017-01-12,115.491,115.726,115.793,114.627,19679126
QQQ,2017-01-13,115.783,116.098,116.294,115.773,14921677
QQQ,2017-01-17,115.763,115.763,115.982,115.432,14908400
QQQ,2017-01-18,115.922,115.992,116.098,115.647,11414692
QQQ,2017-01-19,116.127,115.942,116.559,115.707,12359040
QQQ,2017-01-20,116.421,116.186,116.736,115.883,20677770
QQQ,2017-01-23,116.098,116.274,116.441,115.569,16712827
QQQ,2017-01-24,116.5,117.078,117.265,116.314,15087014
QQQ,2017-01-25,117.803,118.266,118.304,117.726,14958590
QQQ,2017-01-26,118.43,118.401,118.647,118.186,14969941
QQQ,2017-01-27,118.629,118.629,118.737,118.236,13308685
QQQ,2017-01-30,118.216,117.696,118.226,117.03,23138342
QQQ,2017-01-31,117.294,117.462,117.491,116.756,17764527
QQQ,2017-02-01,118.266,118.276,118.509,117.735,20456359
QQQ,2017-02-02,118.059,118.166,118.529,117.735,14030059
QQQ,2017-02-03,118.332,118.509,118.638,118.176,17985652
QQQ,2017-02-06,118.266,118.657,118.677,118.196,11708635
QQQ,2017-02-07,118.871,119.077,119.324,118.785,16043199
QQQ,2017-02-08,118.931,119.275,119.441,118.697,12230800
QQQ,2017-02-09,119.393,119.706,119.971,119.334,15928663
QQQ,2017-02-10,119.932,120.097,120.255,119.765,14065284
QQQ,2017-02-13,120.431,120.766,120.921,120.393,16197558
QQQ,2017-02-14,120.815,121.176,121.176,120.413,16049675
QQQ,2017-02-15,121.097,121.901,121.961,121.029,17262946
QQQ,2017-02-16,121.97,121.863,122.216,121.539,14628949
QQQ,2017-02-17,121.705,122.382,122.392,121.657,13969269
QQQ,2017-02-21,122.597,122.978,123.058,122.557,18351912
QQQ,2017-02-22,122.874,123.028,123.116,122.677,11041913
QQQ,2017-02-23,123.225,122.587,123.225,122.088,17449303
QQQ,2017-02-24,122.069,122.814,122.814,121.99,18490167
QQQ,2017-02-27,122.587,122.96,122.968,122.373,11903342
QQQ,2017-02-28,122.942,122.587,122.978,122.236,14285059
QQQ,2017-03-01,123.313,123.92,124.147,123.126,20717138
QQQ,2017-03-02,123.91,123.294,123.91,123.146,17918883
QQQ,2017-03-03,123.175,123.51,123.55,122.893,11272787
QQQ,2017-03-06,123.088,123.244,123.441,122.766,10985251
QQQ,2017-03-07,122.978,123.038,123.569,122.834,13347930
QQQ,2017-03-08,123.098,123.234,123.637,122.988,14761835
QQQ,2017-03-09,123.225,123.333,123.51,122.696,19652653
QQQ,2017-03-10,123.901,123.871,124.068,123.323,17808777
QQQ,2017-03-13,123.999,124.078,124.108,123.755,11382473
QQQ,2017-03-14,123.792,123.774,123.841,123.274,14870018
QQQ,2017-03-15,124.049,124.556,124.844,123.627,24086508
QQQ,2017-03-16,124.775,124.468,124.795,124.177,19576776
QQQ,2017-03-17,124.586,124.421,124.755,124.353,18250212
QQQ,2017-03-20,124.383,124.537,124.825,124.197,10695858
QQQ,2017-03-21,124.999,122.647,125.116,122.567,37936853
QQQ,2017-03-22,122.716,123.451,123.579,122.518,30883328
QQQ,2017-03-23,123.294,123.155,123.637,122.951,21498872
QQQ,2017-03-24,123.54,123.393,124.039,122.951,22788331
QQQ,2017-03-27,122.567,123.598,123.821,122.246,18754599
QQQ,2017-03-28,123.569,124.373,124.745,123.323,20651119
QQQ,2017-03-29,124.458,124.951,124.99,124.324,12534246
QQQ,2017-03-30,124.933,125.155,125.294,124.795,15937672
QQQ,2017-03-31,124.961,125.067,125.421,124.844,18168140
QQQ,2017-04-03,125.165,124.99,125.488,124.296,25085592
QQQ,2017-04-04,124.626,125.195,125.215,124.596,12824879
QQQ,2017-04-05,125.363,124.686,126.116,124.448,27866915
QQQ,2017-04-06,124.834,124.755,125.077,124.43,18595320
QQQ,2017-04-07,124.705,124.686,125.057,124.236,17721696
QQQ,2017-04-10,124.825,124.735,125.244,124.393,15541989
QQQ,2017-04-11,124.586,124.187,124.815,123.284,35752701
QQQ,2017-04-12,124.187,123.677,124.276,123.54,16083525
QQQ,2017-04-13,123.51,123.195,124.246,123.175,22762165
QQQ,2017-04-17,123.559,124.216,124.236,123.48,12480702
QQQ,2017-04-18,123.765,124.029,124.393,123.706,13075302
QQQ,2017-04-19,124.576,124.226,124.98,124.049,18500078
QQQ,2017-04-20,124.755,125.274,125.558,124.547,19852406
QQQ,2017-04-21,125.382,125.244,125.441,124.933,16787534
QQQ,2017-04-24,126.606,126.743,126.853,126.433,23758204
QQQ,2017-04-25,127.136,127.656,127.892,127.039,20501701
QQQ,2017-04-26,127.696,127.479,128.028,127.401,26863902
QQQ,2017-04-27,127.804,128.254,128.254,127.716,16982643
QQQ,2017-04-28,128.774,128.49,128.831,128.273,24102965
QQQ,2017-05-01,128.95,129.616,129.792,128.871,26240490
QQQ,2017-05-02,129.792,129.841,129.9,129.46,19360304
QQQ,2017-05-03,129.566,129.431,129.586,129.098,25164342
QQQ,2017-05-04,129.451,129.48,129.547,129.049,15460591
QQQ,2017-05-05,129.802,129.949,129.949,129.333,20460529
QQQ,2017-05-08,130.019,130.245,130.245,129.746,14025050
QQQ,2017-05-09,130.429,130.695,130.97,130.314,30050755
QQQ,2017-05-10,130.764,130.764,130.814,130.295,21687093
QQQ,2017-05-11,130.41,130.666,130.705,129.792,28809718
QQQ,2017-05-12,130.744,130.94,130.97,130.606,19218932
QQQ,2017-05-15,130.97,131.342,131.421,130.884,21655823
QQQ,2017-05-16,131.645,131.891,131.91,131.293,22891552
QQQ,2017-05-17,130.903,128.567,131.086,128.547,57175330
QQQ,2017-05-18,128.557,129.676,130.127,128.373,43735028
QQQ,2017-05-19,130.117,130.245,130.784,130.067,38854760
QQQ,2017-05-22,130.517,131.302,131.382,130.478,20575778
QQQ,2017-05-23,131.704,131.44,131.704,131.096,20826578
QQQ,2017-05-24,131.842,132.037,132.096,131.47,17004098
QQQ,2017-05-25,132.547,133.175,133.529,132.256,25300300
QQQ,2017-05-26,133.203,133.42,133.48,133.02,14654643
QQQ,2017-05-30,133.331,133.539,133.695,133.262,21474988
QQQ,2017-05-31,133.969,133.49,134.009,132.793,35147072
QQQ,2017-06-01,133.745,134.009,134.068,133.184,21276410
QQQ,2017-06-02,134.489,135.558,135.587,134.273,39356262
QQQ,2017-06-05,135.538,135.529,135.764,135.351,16638646
QQQ,2017-06-06,135.389,134.999,135.813,134.793,23676944
QQQ,2017-06-07,135.351,135.519,135.627,134.743,19925634
QQQ,2017-06-08,135.823,135.657,135.88,134.929,26847466
QQQ,2017-06-09,135.813,132.226,135.968,130.487,116172593
QQQ,2017-06-12,131.154,131.53,131.764,129.881,110476623
QQQ,2017-06-13,132.256,132.595,132.784,131.578,54154851
QQQ,2017-06-14,133.126,132.007,133.136,130.96,63458111
QQQ,2017-06-15,130.724,131.43,131.578,129.9,58341579
QQQ,2017-06-16,131.402,130.884,131.45,130.401,50752494
QQQ,2017-06-19,132.077,133.049,133.175,131.929,41734714
QQQ,2017-06-20,132.911,131.997,133.087,131.949,43144559
QQQ,2017-06-21,132.285,133.321,133.39,132.216,37729663
QQQ,2017-06-22,133.519,133.282,133.784,132.941,25404329
QQQ,2017-06-23,133.116,133.803,133.979,132.764,22825588
QQQ,2017-06-26,134.537,133.165,134.822,132.873,36252704
QQQ,2017-06-27,132.684,130.774,132.823,130.764,69482275
QQQ,2017-06-28,131.223,132.634,132.754,130.497,60558558
QQQ,2017-06-29,132.037,130.352,132.067,129.107,93588329
QQQ,2017-06-30,130.754,130.401,131.352,129.969,72716199
QQQ,2017-07-03,130.97,129.059,131.126,128.96,34619569
QQQ,2017-07-05,129.393,130.295,130.656,129.02,44421107
QQQ,2017-07-06,129.293,129.136,129.841,128.666,51096643
QQQ,2017-07-07,129.537,130.517,130.864,129.537,39016939
QQQ,2017-07-10,130.596,131.342,131.645,130.265,26194658
QQQ,2017-07-11,131.136,131.714,131.871,130.695,33260540
QQQ,2017-07-12,132.813,133.282,133.44,132.575,38000592
QQQ,2017-07-13,133.43,133.589,133.909,133.184,32768787
QQQ,2017-07-14,134.126,134.655,134.832,133.754,36453630
QQQ,2017-07-17,134.783,134.724,135.205,134.46,26728441
QQQ,2017-07-18,134.596,135.617,135.647,134.194,27098207
QQQ,2017-07-19,135.987,136.39,136.588,135.958,35619291
QQQ,2017-07-20,136.703,136.568,136.822,135.977,37947332
QQQ,2017-07-21,136.076,136.518,136.518,135.823,41888621
QQQ,2017-07-24,136.48,137.137,137.234,136.342,28147890
QQQ,2017-07-25,136.683,136.793,137.107,136.42,29652126
QQQ,2017-07-26,137.107,137.234,137.312,136.909,19561245
QQQ,2017-07-27,138.164,136.371,138.262,134.832,84849184
QQQ,2017-07-28,135.617,136.264,136.489,135.379,40121130
QQQ,2017-07-31,136.616,135.704,136.812,135.419,35617254
QQQ,2017-08-01,136.156,136.017,136.204,135.597,21132945
QQQ,2017-08-02,136.832,136.371,136.9,135.128,44063297
QQQ,2017-08-03,136.568,135.862,136.568,135.607,28586122
QQQ,2017-08-04,136.106,136.106,136.38,135.548,31107745
QQQ,2017-08-07,136.314,136.929,136.929,136.156,18908795
QQQ,2017-08-08,136.665,136.703,137.814,136.323,32361419
QQQ,2017-08-09,135.617,136.528,136.588,135.301,38129717
QQQ,2017-08-10,135.803,133.608,135.872,133.47,66699852
QQQ,2017-08-11,133.803,134.636,134.939,133.48,48399766
QQQ,2017-08-14,135.704,136.351,136.558,135.666,35996919
QQQ,2017-08-15,136.616,136.44,136.703,136.096,26848087
QQQ,2017-08-16,136.753,136.674,137.322,136.244,33686448
QQQ,2017-08-17,136.174,133.89,136.361,133.89,74077933
QQQ,2017-08-18,133.989,133.793,134.734,133.232,64065641
QQQ,2017-08-21,133.793,133.625,134.087,132.784,39198276
QQQ,2017-08-22,134.353,135.675,135.823,134.313,38232768
QQQ,2017-08-23,135.029,135.205,135.509,134.909,27014789
QQQ,2017-08-24,135.519,134.803,135.647,134.028,40261585
QQQ,2017-08-25,135.311,134.507,135.657,134.333,27792518
QQQ,2017-08-28,134.939,134.939,135.253,134.489,15785779
QQQ,2017-08-29,133.745,135.469,135.685,133.635,25792667
QQQ,2017-08-30,135.587,137.018,137.254,135.499,35451081
QQQ,2017-08-31,137.38,138.49,138.5,137.331,40140458
QQQ,2017-09-01,138.646,138.292,138.859,137.93,23524760
QQQ,2017-09-05,137.88,137.058,138.184,136.057,47955887
QQQ,2017-09-06,137.409,137.477,137.804,136.489,32372363
QQQ,2017-09-07,137.744,137.814,138.144,137.303,23946301
QQQ,2017-09-08,137.626,136.606,137.696,136.47,29430408
QQQ,2017-09-11,137.646,138.174,138.411,137.646,28391153
QQQ,2017-09-12,138.538,138.51,138.696,137.861,31919258
QQQ,2017-09-13,138.252,138.686,138.723,138.047,29971500
QQQ,2017-09-14,138.154,137.89,138.577,137.814,35818195
QQQ,2017-09-15,137.89,138.352,138.869,137.636,48847370
QQQ,2017-09-18,138.49,138.174,138.968,137.774,26052225
QQQ,2017-09-19,138.421,138.411,138.616,137.95,21952970
QQQ,2017-09-20,138.361,137.989,138.52,136.929,36011848
QQQ,2017-09-21,137.9,137.147,137.9,136.665,30388447
QQQ,2017-09-22,136.713,137.008,137.214,136.568,22847741
QQQ,2017-09-25,136.48,135.587,136.558,134.939,57816324
QQQ,2017-09-26,136.254,135.95,136.528,135.479,31191799
QQQ,2017-09-27,136.645,137.147,137.666,136.314,34956739
QQQ,2017-09-28,136.842,137.087,137.234,136.509,25394229
QQQ,2017-09-29,137.37,138.077,138.174,137.008,45157008
QQQ,2017-10-02,138.282,138.203,138.772,137.596,28790053
QQQ,2017-10-03,138.352,138.5,138.666,138.077,20734341
QQQ,2017-10-04,138.222,138.636,138.939,138.096,27776349
QQQ,2017-10-05,139.136,139.999,140.068,139.008,33224661
QQQ,2017-10-06,139.537,140.145,140.174,139.527,24813777
QQQ,2017-10-09,140.369,140.029,140.519,139.851,14425291
QQQ,2017-10-10,140.489,140.126,140.646,139.517,20191234
QQQ,2017-10-11,140.059,140.548,140.578,139.89,13066171
QQQ,2017-10-12,140.349,140.281,140.849,140.145,15227123
QQQ,2017-10-13,140.889,140.841,140.998,140.291,19349726
QQQ,2017-10-16,141.186,141.331,141.37,140.889,22947594
QQQ,2017-10-17,141.273,141.518,141.538,141.056,13799973
QQQ,2017-10-18,141.685,141.34,141.685,141.126,18101027
QQQ,2017-10-19,140.529,140.812,140.831,139.822,29112545
QQQ,2017-10-20,141.39,141.196,141.518,141.016,31338363
QQQ,2017-10-23,141.488,140.253,141.508,140.059,30826900
QQQ,2017-10-24,140.509,140.499,140.802,139.98,21325229
QQQ,2017-10-25,140.223,139.97,140.686,138.929,38040373
QQQ,2017-10-26,139.91,139.527,140.233,139.497,29582749
QQQ,2017-10-27,141.794,143.586,143.85,141.675,63323102
QQQ,2017-10-30,143.429,143.907,144.488,143.34,33423457
QQQ,2017-10-31,144.351,144.45,144.653,143.957,27721053
QQQ,2017-11-01,145.019,144.4,145.097,143.833,31051713
QQQ,2017-11-02,144.244,144.135,144.304,143.126,32669367
QQQ,2017-11-03,144.673,145.528,145.546,144.165,27594581
QQQ,2017-11-06,145.388,145.997,146.095,145.359,30213615
QQQ,2017-11-07,145.918,146.115,146.293,145.596,22419102
QQQ,2017-11-08,146.056,146.715,146.744,145.871,18249284
QQQ,2017-11-09,145.518,145.938,146.017,144.41,42714845
QQQ,2017-11-10,145.616,145.928,146.047,145.321,21210638
QQQ,2017-11-13,145.378,146.115,146.283,145.359,13135481
QQQ,2017-11-14,145.566,145.566,145.753,144.841,26384457
QQQ,2017-11-15,144.879,144.859,145.263,144.105,26081485
QQQ,2017-11-16,145.636,146.744,147.066,145.586,36616043
QQQ,2017-11-17,146.782,146.194,146.89,146.047,30243079
QQQ,2017-11-20,146.293,146.076,146.408,145.861,22252654
QQQ,2017-11-21,146.764,147.644,147.713,146.685,21198522
QQQ,2017-11-22,147.772,147.83,147.967,147.508,18173962
QQQ,2017-11-24,147.977,148.341,148.388,147.9,8721597
QQQ,2017-11-27,148.284,148.274,148.635,147.957,23811115
QQQ,2017-11-28,148.595,148.664,148.754,147.84,26508053
QQQ,2017-11-29,148.526,146.105,148.526,145.378,75697684
QQQ,2017-11-30,146.665,147.32,147.597,146.351,59551904
QQQ,2017-12-01,146.398,146.695,147.4,144.557,62128198
QQQ,2017-12-04,147.614,144.979,147.772,144.831,53992388
QQQ,2017-12-05,144.909,145.069,146.754,144.4,42719705
QQQ,2017-12-06,144.557,145.753,145.977,144.371,30092698
QQQ,2017-12-07,145.743,146.253,146.665,145.586,34089304
QQQ,2017-12-08,147.272,146.9,147.673,146.665,29500248
QQQ,2017-12-11,146.958,148.017,148.066,146.958,21788437
QQQ,2017-12-12,147.938,147.83,148.234,147.518,21455978
QQQ,2017-12-13,148.36,148.096,148.566,147.9,25688242
QQQ,2017-12-14,148.36,148.007,148.724,147.85,25631621
QQQ,2017-12-15,148.566,149.586,149.811,148.311,51699713
QQQ,2017-12-18,150.595,150.889,151.066,150.379,27068254
QQQ,2017-12-19,150.644,150.047,150.801,149.596,32995071
QQQ,2017-12-20,150.556,149.85,150.586,149.272,40043600
QQQ,2017-12-21,150.047,149.87,150.556,149.702,19580647
QQQ,2017-12-22,149.645,149.702,149.762,149.311,24519474
QQQ,2017-12-26,148.901,148.891,149.085,148.36,23003844
QQQ,2017-12-27,148.891,148.911,149.321,148.784,23513616
QQQ,2017-12-28,149.41,149.094,149.43,148.911,26665688
QQQ,2017-12-29,149.262,148.176,149.262,148.126,34832162
QQQ,2018-01-02,148.871,150.791,150.831,148.576,34184402
QQQ,2018-01-03,150.908,152.261,152.409,150.908,30828701
QQQ,2018-01-04,152.8,152.538,152.987,152.33,25999606
QQQ,2018-01-05,153.215,154.035,154.144,152.967,28350581
QQQ,2018-01-08,154.016,154.605,154.721,153.977,24309208
QQQ,2018-01-09,154.939,154.653,155.124,154.184,25976687
QQQ,2018-01-10,153.929,154.292,154.322,153.282,35685198
QQQ,2018-01-11,154.585,155.369,155.379,154.322,21477719
QQQ,2018-01-12,155.115,156.507,156.662,155.028,39670936
QQQ,2018-01-16,157.507,156.065,158.309,155.605,43270119
QQQ,2018-01-17,156.77,157.712,157.947,156.075,35400909
QQQ,2018-01-18,157.507,157.732,158.105,157.115,27673201
QQQ,2018-01-19,158.223,158.242,158.507,157.487,40883935
QQQ,2018-01-22,158.174,159.948,159.948,157.996,27316209
QQQ,2018-01-23,160.447,161.271,161.436,160.379,36836762
QQQ,2018-01-24,161.585,160.231,161.997,159.299,56522531
QQQ,2018-01-25,161.33,160.173,161.407,159.664,30354492
QQQ,2018-01-26,161.056,162.635,162.635,160.759,33649730
QQQ,2018-01-29,162.231,161.861,162.615,161.515,39113590
QQQ,2018-01-30,160.369,160.506,161.203,159.674,47173547
QQQ,2018-01-31,161.446,161.185,161.761,160.163,43191916
QQQ,2018-02-01,159.948,159.8,161.505,159.281,39824171
QQQ,2018-02-02,159.203,156.613,159.555,156.488,71587870
QQQ,2018-02-05,155.212,150.429,157.682,150.311,110364274
QQQ,2018-02-06,148.368,154.419,154.614,147.578,124589577
QQQ,2018-02-07,153.919,152.429,155.625,152.429,94432433
QQQ,2018-02-08,152.899,146.017,152.997,146.017,98367803
QQQ,2018-02-09,148.096,148.506,149.576,142.83,118735163
QQQ,2018-02-12,149.988,151.174,152.211,148.842,65652289
QQQ,2018-02-13,150.291,151.959,152.27,150.037,33360516
QQQ,2018-02-14,151.086,154.77,155.018,150.311,54714383
QQQ,2018-02-15,156.173,157.557,157.635,154.547,53761960
QQQ,2018-02-16,157.164,157.028,158.645,156.681,65386546
QQQ,2018-02-20,157.26,157.26,158.576,157.26,38558901
QQQ,2018-02-21,157.967,156.82,159.575,156.721,42648756
QQQ,2018-02-22,157.497,156.8,158.318,156.4,38075569
QQQ,2018-02-23,157.967,159.996,159.996,157.418,52595179
QQQ,2018-02-26,160.731,162.133,162.133,160.625,40594648
QQQ,2018-02-27,162.152,160.115,162.438,160.035,44364804
QQQ,2018-02-28,161.037,159.076,161.575,158.977,45128354
QQQ,2018-03-01,159.154,156.498,159.899,155.086,80731262
QQQ,2018-03-02,154.682,157.897,158.184,154.074,60377791
QQQ,2018-03-05,157.231,159.674,160.085,156.595,40507791
QQQ,2018-03-06,160.417,160.36,160.898,159.338,30986010
QQQ,2018-03-07,159.126,160.731,160.858,158.85,36376313
QQQ,2018-03-08,161.32,161.634,161.751,160.751,27146982
QQQ,2018-03-09,162.799,164.752,164.752,162.528,40266406
QQQ,2018-03-12,165.202,165.615,166.007,164.859,39556340
QQQ,2018-03-13,166.311,163.357,166.683,162.956,58479447
QQQ,2018-03-14,164.202,163.33,164.348,162.635,42605875
QQQ,2018-03-15,163.476,163.185,164.153,162.607,30281214
QQQ,2018-03-16,163.426,162.72,163.84,162.643,32768398
QQQ,2018-03-19,161.221,159.232,161.281,157.821,74917118
QQQ,2018-03-20,159.232,159.761,160.143,158.77,35756680
QQQ,2018-03-21,159.358,159.056,160.838,158.358,46027416
QQQ,2018-03-22,156.959,155.153,157.947,154.949,69893153
QQQ,2018-03-23,154.959,151.066,155.645,150.988,84062392
QQQ,2018-03-26,154.064,156.671,156.86,151.694,60317177
QQQ,2018-03-27,157.781,151.615,157.801,150.252,82780856
QQQ,2018-03-28,150.811,149.831,152.29,148.694,93778433
QQQ,2018-03-29,150.694,152.606,154.094,149.262,72081304
QQQ,2018-04-02,151.535,148.186,152.261,146.655,89769764
QQQ,2018-04-03,149.537,149.841,150.487,147.185,67251732
QQQ,2018-04-04,147.026,152.261,152.703,146.811,69013187
QQQ,2018-04-05,153.724,153.105,153.967,152.008,45178849
QQQ,2018-04-06,151.487,149.253,152.928,148.546,62824410
QQQ,2018-04-09,150.576,150.301,153.3,150.037,43692089
QQQ,2018-04-10,152.606,153.605,154.114,151.605,50998920
QQQ,2018-04-11,152.674,152.751,154.38,152.576,43675441
QQQ,2018-04-12,153.694,154.585,155.124,153.556,31970928
QQQ,2018-04-13,155.359,153.763,155.605,153.125,46805338
QQQ,2018-04-16,154.81,154.959,155.536,153.869,29570992
QQQ,2018-04-17,156.478,158.271,158.625,156.213,37289149
QQQ,2018-04-18,158.29,158.605,159.134,157.527,31032817
QQQ,2018-04-19,157.831,157.164,158.164,156.613,36417790
QQQ,2018-04-20,156.76,154.663,156.869,154.114,51624130
QQQ,2018-04-23,155.427,154.272,156.055,153.437,34670606
QQQ,2018-04-24,154.979,151.017,155.261,149.969,73722651
QQQ,2018-04-25,151.35,151.204,151.84,149.094,54658990
QQQ,2018-04-26,153.165,154.37,154.89,152.654,45127079
QQQ,2018-04-27,156.623,154.468,156.681,153.566,53561476
QQQ,2018-04-30,154.84,153.359,155.82,152.997,37372243
QQQ,2018-05-01,152.977,155.133,155.153,152.615,38314811
QQQ,2018-05-02,155.447,154.203,155.898,154.016,40553364
QQQ,2018-05-03,153.487,154.184,154.76,151.752,63313683
QQQ,2018-05-04,153.507,157.124,157.478,153.397,43592652
QQQ,2018-05-07,157.821,158.408,158.927,157.702,34103447
QQQ,2018-05-08,158.006,158.242,158.595,157.115,27324782
QQQ,2018-05-09,158.566,159.987,160.105,157.957,30559399
QQQ,2018-05-10,160.516,161.674,161.791,160.389,28402892
QQQ,2018-05-11,161.407,161.515,161.9,160.798,25906794
QQQ,2018-05-14,161.88,161.801,162.799,161.525,22898257
QQQ,2018-05-15,160.486,159.977,160.586,159.116,51796742
QQQ,2018-05-16,160.202,161.046,161.426,160.115,24072891
QQQ,2018-05-17,160.486,160.417,161.664,159.634,28835813
QQQ,2018-05-18,159.82,159.585,160.36,159.338,27511320
QQQ,2018-05-21,160.808,160.486,161.555,159.79,24086960
QQQ,2018-05-22,161.212,160.281,161.505,159.987,20438594
QQQ,2018-05-23,159.046,161.654,161.674,159.027,27867984
QQQ,2018-05-24,161.614,161.604,161.89,159.948,29062862
QQQ,2018-05-25,161.595,161.771,162.319,161.271,28815218
QQQ,2018-05-29,160.977,161.037,161.959,160.065,43253953
QQQ,2018-05-30,161.683,162.172,162.468,161.281,23783986
QQQ,2018-05-31,162.142,162.083,163.135,161.683,37430662
QQQ,2018-06-01,162.847,164.625,164.713,162.839,47790072
QQQ,2018-06-04,165.015,166.115,166.144,164.926,21468945
QQQ,2018-06-05,166.465,166.604,166.879,165.877,26001690
QQQ,2018-06-06,166.79,167.584,167.614,165.957,26271754
QQQ,2018-06-07,167.634,166.232,167.653,165.378,41553875
QQQ,2018-06-08,165.398,166.242,166.644,165.035,33348134
QQQ,2018-06-11,166.115,166.674,167.084,166.095,23420783
QQQ,2018-06-12,166.899,167.555,167.721,166.722,23622385
QQQ,2018-06-13,167.81,167.545,168.819,167.172,39726223
QQQ,2018-06-14,168.319,169.271,169.533,168.21,37687779
QQQ,2018-06-15,168.663,168.663,168.996,167.829,52063370
QQQ,2018-06-18,167.634,168.566,168.711,167.064,33122446
QQQ,2018-06-19,166.415,168.094,168.134,165.897,40036101
QQQ,2018-06-20,168.848,169.301,169.976,168.711,34593434
QQQ,2018-06-21,169.701,167.81,169.879,167.476,45515931
QQQ,2018-06-22,168.388,167.437,168.447,166.83,31488998
QQQ,2018-06-25,165.947,163.663,166.163,162.172,81462449
QQQ,2018-06-26,164.26,164.328,165.262,163.663,40844606
QQQ,2018-06-27,164.995,162.113,165.77,162.007,55331312
QQQ,2018-06-28,161.919,163.486,164.056,161.585,48592530
QQQ,2018-06-29,164.26,163.938,165.134,163.692,38122534
QQQ,2018-07-02,162.399,165.025,165.075,162.053,33265722
QQQ,2018-07-03,165.605,163.106,165.644,162.966,26713815
QQQ,2018-07-05,164.183,165.134,165.262,163.33,33115124
QQQ,2018-07-06,165.507,167.711,167.839,165.202,38747754
QQQ,2018-07-09,168.556,169.241,169.281,167.917,28650236
QQQ,2018-07-10,169.445,169.37,169.731,168.77,25027789
QQQ,2018-07-11,168.055,168.487,169.125,167.897,31706125
QQQ,2018-07-12,169.261,171.388,171.388,169.134,29245036
QQQ,2018-07-13,171.349,171.534,171.811,170.906,29389368
QQQ,2018-07-16,171.564,171.124,171.861,170.838,22413046
QQQ,2018-07-17,169.35,172.161,172.534,169.331,32495125
QQQ,2018-07-18,172.171,171.841,172.329,171.32,24314050
QQQ,2018-07-19,171.282,170.985,171.791,170.779,32558022
QQQ,2018-07-20,171.494,170.945,172.072,170.75,37598109
QQQ,2018-07-23,170.427,171.485,171.564,169.751,23229150
QQQ,2018-07-24,173.23,172.191,173.849,171.485,38637504
QQQ,2018-07-25,172.251,174.603,174.711,172.181,37717956
QQQ,2018-07-26,172.241,171.956,172.798,171.721,42797761
QQQ,2018-07-27,173.115,169.643,173.151,168.663,62255220
QQQ,2018-07-30,169.672,167.231,169.741,166.425,63026810
QQQ,2018-07-31,167.849,168.517,169.182,166.949,49511267
QQQ,2018-08-01,168.926,169.172,169.662,168.19,38848641
QQQ,2018-08-02,167.967,171.455,171.661,167.887,49399327
QQQ,2018-08-03,171.711,171.986,171.996,171.035,30296646
QQQ,2018-08-06,171.88,172.995,173.045,171.661,25976728
QQQ,2018-08-07,173.467,173.632,173.937,173.115,31303114
QQQ,2018-08-08,173.389,173.819,174.142,172.918,23748534
QQQ,2018-08-09,173.751,173.721,174.417,173.476,19740470
QQQ,2018-08-10,172.564,172.408,173.075,171.751,35410598
QQQ,2018-08-13,172.731,172.211,173.809,172.132,27317443
QQQ,2018-08-14,172.868,173.29,173.495,171.946,21897581
QQQ,2018-08-15,171.996,171.173,172.466,170.114,61283448
QQQ,2018-08-16,172.456,171.731,172.848,171.398,29016401
QQQ,2018-08-17,171.3,171.771,172.201,170.249,37791842
QQQ,2018-08-20,172.171,171.623,172.211,170.955,26113054
QQQ,2018-08-21,172.151,172.251,173.28,172.035,27494887
QQQ,2018-08-22,171.87,172.918,173.125,171.671,18891794
QQQ,2018-08-23,172.653,172.682,173.849,172.388,26989680
QQQ,2018-08-24,173.24,174.27,174.417,173.2,24225335
QQQ,2018-08-27,175.18,176.045,176.045,174.879,30725013
QQQ,2018-08-28,176.474,176.3,176.682,175.937,21231655
QQQ,2018-08-29,176.573,178.349,178.446,176.534,30549145
QQQ,2018-08-30,178.036,178.036,179.112,177.437,30695591
QQQ,2018-08-31,177.817,178.261,178.779,177.624,30002210
QQQ,2018-09-04,177.739,177.496,178.026,176.524,30431815
QQQ,2018-09-05,177.2,175.199,177.2,174.603,44629986
QQQ,2018-09-06,175.289,173.641,175.487,172.466,48261335
QQQ,2018-09-07,172.417,172.965,174.456,172.329,48824759
QQQ,2018-09-10,173.918,173.553,174.045,172.604,27362241
QQQ,2018-09-11,172.828,174.889,175.171,172.408,31534308
QQQ,2018-09-12,174.651,174.368,174.76,172.868,37908415
QQQ,2018-09-13,175.418,176.222,176.543,175.388,32598903
QQQ,2018-09-14,176.348,175.718,176.603,175.024,32694127
QQQ,2018-09-17,175.408,173.18,175.546,173.025,34628152
QQQ,2018-09-18,173.359,174.623,175.477,173.24,33378100
QQQ,2018-09-19,174.641,174.486,175.054,173.349,33342527
QQQ,2018-09-20,175.68,176.406,176.632,175.269,34863349
QQQ,2018-09-21,176.927,175.457,177.13,175.229,40422849
QQQ,2018-09-24,174.172,175.937,176.007,173.467,36525072
QQQ,2018-09-25,175.827,176.162,176.3,175.259,26420015
QQQ,2018-09-26,176.27,176.29,177.956,175.947,37847215
QQQ,2018-09-27,177.026,177.797,178.436,176.907,34609921
QQQ,2018-09-28,177.23,177.758,178.231,176.957,29345860
QQQ,2018-10-01,178.76,178.121,179.437,177.671,28608425
QQQ,2018-10-02,177.916,177.72,179.103,177.299,26776518
QQQ,2018-10-03,178.465,177.916,178.907,177.633,30445242
QQQ,2018-10-04,177.2,174.496,177.299,173.23,84198309
QQQ,2018-10-05,174.505,172.359,175.054,170.711,87091781
QQQ,2018-10-08,171.613,171.31,172.828,169.301,69886623
QQQ,2018-10-09,171.445,171.861,173.19,171.025,51317077
QQQ,2018-10-10,170.808,164.298,170.896,164.084,119644915
QQQ,2018-10-11,163.644,162.27,165.897,160.556,149551594
QQQ,2018-10-12,166.455,166.772,167.291,163.546,106692126
QQQ,2018-10-15,166.173,164.762,166.505,164.143,67817937
QQQ,2018-10-16,166.485,169.563,169.967,166.182,75233027
QQQ,2018-10-17,170.437,169.633,170.547,167.887,70015345
QQQ,2018-10-18,168.976,165.683,169.055,164.975,86214419
QQQ,2018-10-19,166.839,165.525,168.457,164.926,86671718
QQQ,2018-10-22,166.525,166.388,167.672,165.114,55300675
QQQ,2018-10-23,163.396,165.77,166.584,161.535,81072845
QQQ,2018-10-24,165.624,158.174,165.857,157.878,107652727
QQQ,2018-10-25,160.731,163.663,164.645,159.929,87254246
QQQ,2018-10-26,158.076,159.448,162.625,157.134,136890531
QQQ,2018-10-29,161.861,156.173,162.528,153.175,116928320
QQQ,2018-10-30,155.782,158.741,158.85,155.009,96768574
QQQ,2018-10-31,161.271,162.488,163.85,161.261,77165542
QQQ,2018-11-01,162.74,164.625,164.781,161.495,55089065
QQQ,2018-11-02,164.114,162.063,165.085,160.947,79400324
QQQ,2018-11-05,162.28,161.674,162.329,159.849,41362177
QQQ,2018-11-06,161.644,162.887,163.79,161.436,35965671
QQQ,2018-11-07,164.79,167.997,167.997,164.438,53482376
QQQ,2018-11-08,167.191,166.899,167.721,166.125,42117863
QQQ,2018-11-09,165.339,164.104,165.75,162.819,52889854
QQQ,2018-11-12,162.976,159.126,163.252,158.987,65406787
QQQ,2018-11-13,159.919,159.261,162.162,158.82,67026539
QQQ,2018-11-14,160.828,158.036,161.417,157.154,78672798
QQQ,2018-11-15,157.702,160.828,161.261,156.39,76565299
QQQ,2018-11-16,159.281,160.261,161.037,158.605,68346202
QQQ,2018-11-19,159.526,155.057,159.674,154.557,70321421
QQQ,2018-11-20,151.535,152.3,154.399,150.321,107292496
QQQ,2018-11-21,154.312,153.427,154.969,152.37,44907811
QQQ,2018-11-23,152.241,152.35,153.869,152.241,24566051
QQQ,2018-11-26,154.458,155.868,155.938,153.791,43911519
QQQ,2018-11-27,154.999,156.371,156.76,154.203,38262675
QQQ,2018-11-28,157.497,161.417,161.417,156.41,73311219
QQQ,2018-11-29,160.741,160.878,161.959,159.605,46914454
QQQ,2018-11-30,161.106,162.053,162.152,160.301,38382555
QQQ,2018-12-03,165.605,164.867,165.809,162.182,53066472
QQQ,2018-12-04,163.978,158.547,164.477,158.348,73785486
QQQ,2018-12-06,155.447,159.674,159.683,154.77,74956925
QQQ,2018-12-07,158.937,154.399,159.889,153.889,84067550
QQQ,2018-12-10,154.134,156.035,156.691,152.528,77303637
QQQ,2018-12-11,158.488,156.537,158.595,155.222,61727610
QQQ,2018-12-12,158.869,157.888,160.36,157.801,56210739
QQQ,2018-12-13,158.869,157.937,159.605,156.939,48474051
QQQ,2018-12-14,156.144,154.104,156.721,153.734,59103248
QQQ,2018-12-17,153.467,150.614,154.672,149.41,78216426
QQQ,2018-12-18,151.83,151.585,153.036,150.232,66518614
QQQ,2018-12-19,151.409,147.86,153.754,146.725,85556205
QQQ,2018-12-20,147.508,145.715,149.114,143.88,103476838
QQQ,2018-12-21,146.448,141.196,147.439,140.359,147508175
QQQ,2018-12-24,140.213,137.686,141.997,137.646,58534687
QQQ,2018-12-26,139.244,146.293,146.37,138.232,103161408
QQQ,2018-12-27,144.468,146.87,146.987,141.126,89448127
QQQ,2018-12-28,147.782,146.792,149.272,145.576,81143985
QQQ,2018-12-31,148.196,148.007,148.694,146.536,55253793
QQQ,2019-01-02,144.859,148.595,149.43,144.752,61049969
QQQ,2019-01-03,146.428,143.745,147.066,143.429,77979380
QQQ,2019-01-04,146.027,149.88,150.634,145.596,77863790
QQQ,2019-01-07,150.184,151.704,152.429,149.772,54257444
QQQ,2019-01-08,153.105,153.066,153.605,150.831,51474046
QQQ,2019-01-09,153.644,154.302,154.979,153.017,48454780
QQQ,2019-01-10,153.135,154.741,154.83,152.29,40587732
QQQ,2019-01-11,153.811,154.174,154.341,153.31,31450798
QQQ,2019-01-14,152.869,152.82,153.477,152.193,32006919
QQQ,2019-01-15,153.487,155.82,156.025,153.427,42600066
QQQ,2019-01-16,156.055,155.792,157.154,155.735,35239850
QQQ,2019-01-17,155.291,157.008,157.692,155.028,40989554
QQQ,2019-01-18,158.145,158.547,159.281,157.192,59597706
QQQ,2019-01-22,157.408,155.389,157.487,154.243,59106247
QQQ,2019-01-23,156.173,155.595,156.889,153.811,39715024
QQQ,2019-01-24,156.075,156.585,156.82,155.506,33781948
QQQ,2019-01-25,157.791,158.448,158.927,157.31,38005785
QQQ,2019-01-28,156.429,156.507,156.517,155.202,34905322
QQQ,2019-01-29,156.585,155.028,156.623,154.468,32083984
QQQ,2019-01-30,156.77,158.957,159.536,156.291,43092319
QQQ,2019-01-31,159.899,161.359,162.152,159.722,38831528
QQQ,2019-02-01,160.596,160.674,161.791,160.231,33500883
QQQ,2019-02-04,160.731,162.672,162.672,160.556,27846935
QQQ,2019-02-05,162.877,164.104,164.288,162.829,29345222
QQQ,2019-02-06,164.133,163.614,164.428,162.877,29150992
QQQ,2019-02-07,162.182,161.426,162.597,160.192,43811098
QQQ,2019-02-08,159.977,161.751,161.781,159.82,30246097
QQQ,2019-02-11,162.29,161.595,162.72,161.185,22339104
QQQ,2019-02-12,162.73,163.978,164.212,162.478,30977036
QQQ,2019-02-13,164.665,164.084,165.163,163.908,27195914
QQQ,2019-02-14,163.476,164.278,164.859,162.956,31607326
QQQ,2019-02-15,165.507,164.966,165.555,164.212,33894857
QQQ,2019-02-19,164.448,165.282,165.789,164.438,20310514
QQQ,2019-02-20,165.427,165.252,166.066,164.378,33969176
QQQ,2019-02-21,164.799,164.665,165.262,163.8,26271740
QQQ,2019-02-22,165.005,165.877,165.997,164.926,28906436
QQQ,2019-02-25,167.132,166.485,167.584,166.368,33985602
QQQ,2019-02-26,166.027,166.654,167.181,165.799,22866082
QQQ,2019-02-27,165.907,166.554,166.752,164.79,26224434
QQQ,2019-02-28,166.027,166.163,166.762,165.692,26144662
QQQ,2019-03-01,167.341,167.321,167.574,166.153,32758281
QQQ,2019-03-04,168.27,167.35,168.672,165.467,39670620
QQQ,2019-03-05,167.447,167.476,167.997,166.634,23262280
QQQ,2019-03-06,167.604,166.525,167.672,166.251,28342825
QQQ,2019-03-07,166.076,164.486,166.153,163.879,41071353
QQQ,2019-03-08,162.653,164.24,164.318,162.478,40962737
QQQ,2019-03-11,164.887,167.653,167.771,164.877,31806993
QQQ,2019-03-12,168.084,168.576,169.015,167.691,35387128
QQQ,2019-03-13,169.455,169.84,170.721,169.222,44217503
QQQ,2019-03-14,169.947,169.553,170.161,169.505,24754342
QQQ,2019-03-15,170.239,171.124,171.632,170.104,39804548
QQQ,2019-03-18,171.045,171.524,172.044,170.711,34264165
QQQ,2019-03-19,172.201,172.092,173.015,171.368,38382109
QQQ,2019-03-20,172.102,172.788,173.839,171.329,52126896
QQQ,2019-03-21,172.28,175.487,175.738,172.241,44140609
QQQ,2019-03-22,174.721,171.632,175.199,171.445,73651335
QQQ,2019-03-25,171.025,171.31,171.898,170.074,48206353
QQQ,2019-03-26,172.614,172.092,173.681,171.233,34589792
QQQ,2019-03-27,172.309,171.005,172.749,169.751,38593668
QQQ,2019-03-28,171.435,171.388,172.035,170.368,31593694
QQQ,2019-03-29,172.663,172.692,172.848,171.661,36626170
QQQ,2019-04-01,174.387,174.987,175.19,173.751,32219190
QQQ,2019-04-02,175.161,175.641,175.807,174.741,23558956
QQQ,2019-04-03,176.593,176.632,177.748,176.095,32909989
QQQ,2019-04-04,176.662,176.563,177.338,175.566,29682139
QQQ,2019-04-05,177.14,177.496,177.605,176.868,26710717
QQQ,2019-04-08,177.21,177.956,178.094,176.494,23613464
QQQ,2019-04-09,177.338,177.319,177.936,176.937,26666217
QQQ,2019-04-10,177.585,178.28,178.339,177.358,25554155
QQQ,2019-04-11,178.573,177.857,178.583,177.526,21487555
QQQ,2019-04-12,178.661,178.631,178.75,177.886,25997527
QQQ,2019-04-15,178.611,178.661,178.869,177.457,21923412
QQQ,2019-04-16,179.289,179.279,179.681,178.73,28293146
QQQ,2019-04-17,180.468,179.907,180.631,179.377,30848112
QQQ,2019-04-18,180.208,180.121,180.507,179.085,29734195
QQQ,2019-04-22,179.318,180.622,180.689,179.21,18659810
QQQ,2019-04-23,181.065,182.915,183.142,180.826,35024078
QQQ,2019-04-24,183.044,182.347,183.31,182.287,25985015
QQQ,2019-04-25,183.729,183.024,183.799,182.103,30708623
QQQ,2019-04-26,182.807,183.25,183.29,181.28,27423230
QQQ,2019-04-29,183.22,183.602,183.888,182.945,22592562
QQQ,2019-04-30,182.132,182.188,182.486,180.906,32766215
QQQ,2019-05-01,183.358,181.592,183.888,181.454,36201286
QQQ,2019-05-02,181.543,180.808,182.486,179.641,45890110
QQQ,2019-05-03,182.327,183.69,183.829,181.987,31612362
QQQ,2019-05-06,179.859,182.575,182.807,179.535,39920204
QQQ,2019-05-07,180.566,179.035,181.359,177.348,61191638
QQQ,2019-05-08,178.484,178.573,179.927,177.787,38665061
QQQ,2019-05-09,176.613,177.605,178.221,175.024,57585288
QQQ,2019-05-10,176.907,177.827,178.691,174.005,60888133
QQQ,2019-05-13,173.309,171.651,174.23,171.153,69896930
QQQ,2019-05-14,172.544,173.544,174.594,171.917,45110378
QQQ,2019-05-15,172.427,175.987,176.416,172.349,42596793
QQQ,2019-05-16,176.007,177.758,178.869,175.847,40866280
QQQ,2019-05-17,175.997,175.937,178.388,175.788,46506159
QQQ,2019-05-20,173.514,172.965,174.152,172.378,40166264
QQQ,2019-05-21,174.466,174.789,175.259,173.898,32889509
QQQ,2019-05-22,173.79,173.995,175.014,173.731,25314447
QQQ,2019-05-23,172.054,171.329,172.072,170.268,47181382
QQQ,2019-05-24,172.339,171.252,172.868,171.045,26948550
QQQ,2019-05-28,171.731,170.606,172.692,170.586,25763122
QQQ,2019-05-29,169.613,169.222,170.143,168.299,43880823
QQQ,2019-05-30,169.691,169.918,170.398,168.966,31579705
QQQ,2019-05-31,167.937,167.191,168.497,167.113,47280109
QQQ,2019-06-03,166.781,163.526,167.191,162.71,78902776
QQQ,2019-06-04,165.292,168.134,168.19,164.722,49726647
QQQ,2019-06-05,169.751,169.397,169.761,167.614,35801361
QQQ,2019-06-06,169.672,170.721,171.134,168.926,31120300
QQQ,2019-06-07,171.573,174.015,174.721,171.407,47740088
QQQ,2019-06-10,175.161,176.035,177.681,175.142,43055311
QQQ,2019-06-11,177.896,176.27,178.211,175.69,42925307
QQQ,2019-06-12,175.788,175.269,176.152,174.947,28878250
QQQ,2019-06-13,176.016,176.29,176.722,175.651,24672841
QQQ,2019-06-14,175.369,175.556,176.007,174.889,23765922
QQQ,2019-06-17,175.907,176.593,177.091,175.748,21201855
QQQ,2019-06-18,178.681,179.19,180.438,178.241,50121411
QQQ,2019-06-19,179.506,179.869,180.258,178.379,32950958
QQQ,2019-06-20,182.357,181.513,182.397,179.917,42573300
QQQ,2019-06-21,181.26,181.26,182.407,180.866,41593759
QQQ,2019-06-24,181.602,181.27,181.799,181.171,20112162
QQQ,2019-06-25,181.171,178.151,181.25,177.886,35211339
QQQ,2019-06-26,179.328,178.995,180.468,178.701,23455174
QQQ,2019-06-27,179.661,179.691,180.093,179.19,20458890
QQQ,2019-06-28,180.103,179.917,180.298,179.269,21984823
QQQ,2019-07-01,183.32,182.317,183.582,181.463,32379868
QQQ,2019-07-02,182.257,183.034,183.054,181.74,18721777
QQQ,2019-07-03,183.465,184.416,184.416,183.31,16392733
QQQ,2019-07-05,183.172,184.044,184.377,182.446,22230186
QQQ,2019-07-08,182.886,182.749,182.895,182.006,18268216
QQQ,2019-07-09,181.867,183.671,183.897,181.73,19923543
QQQ,2019-07-10,184.759,185.515,186.024,184.445,29453769
QQQ,2019-07-11,185.819,185.377,186.258,184.779,24638952
QQQ,2019-07-12,185.581,186.446,186.455,185.407,20980664
QQQ,2019-07-15,186.866,187.035,187.074,186.357,16199668
QQQ,2019-07-16,186.759,186.082,186.975,185.515,20958874
QQQ,2019-07-17,186.132,185.161,186.407,185.142,17402746
QQQ,2019-07-18,184.288,185.377,185.739,183.699,30171905
QQQ,2019-07-19,186.719,184.004,186.729,183.819,30505746
QQQ,2019-07-22,184.475,185.486,185.878,184.416,19674518
QQQ,2019-07-23,186.495,186.69,186.71,185.249,24691480
QQQ,2019-07-24,186.004,188.013,188.023,185.964,21199677
QQQ,2019-07-25,187.357,186.23,187.396,185.868,24326109
QQQ,2019-07-26,187.396,188.132,188.376,187.308,21208368
QQQ,2019-07-29,188.042,187.495,188.042,186.308,21229552
QQQ,2019-07-30,186.092,186.68,187.415,185.925,19416472
QQQ,2019-07-31,187.19,184.093,187.308,182.377,43210819
QQQ,2019-08-01,184.485,183.172,187.847,182.287,65657493
QQQ,2019-08-02,181.897,180.487,182.066,179.407,57314132
QQQ,2019-08-05,176.771,174.103,176.771,172.634,77894199
QQQ,2019-08-06,175.699,176.534,177.053,174.436,43490857
QQQ,2019-08-07,174.681,177.496,177.748,173.299,51892033
QQQ,2019-08-08,178.369,181.368,181.406,177.807,39879358
QQQ,2019-08-09,180.458,179.681,181.114,178.251,34887280
QQQ,2019-08-12,178.553,177.595,179.103,176.762,25580186
QQQ,2019-08-13,177.516,181.473,182.72,177.269,42012481
QQQ,2019-08-14,178.523,176.055,179.151,175.738,52940409
QQQ,2019-08-15,176.386,175.857,176.849,174.525,38249739
QQQ,2019-08-16,177.358,178.691,179.151,177.348,36108093
QQQ,2019-08-19,181.143,181.513,181.907,180.622,23427058
QQQ,2019-08-20,181.114,180.121,181.72,180.074,20697975
QQQ,2019-08-21,181.74,181.71,182.287,181.075,21534553
QQQ,2019-08-22,182.056,181.134,182.516,179.721,25193676
QQQ,2019-08-23,179.937,175.408,181.533,174.917,57551724
QQQ,2019-08-26,177.437,178.046,178.094,176.357,28743051
QQQ,2019-08-27,179.279,177.671,179.611,176.967,29148151
QQQ,2019-08-28,177.091,178.309,178.611,176.192,22679831
QQQ,2019-08-29,180.507,181.035,181.543,179.849,26394358
QQQ,2019-08-30,182.016,180.593,182.046,179.602,27334344
QQQ,2019-09-03,179.456,178.859,180.328,178.251,29092640
QQQ,2019-09-04,180.556,181.416,181.573,180.065,22500818
QQQ,2019-09-05,183.407,184.749,185.277,183.358,35356542
QQQ,2019-09-06,184.994,184.564,185.132,184.161,20229062
QQQ,2019-09-09,185.142,184.181,185.229,183.24,25335949
QQQ,2019-09-10,183.211,183.651,183.749,181.987,24647844
QQQ,2019-09-11,183.975,185.387,185.486,183.572,26016939
QQQ,2019-09-12,186.553,186.16,187.582,185.906,29781129
QQQ,2019-09-13,185.888,185.495,186.317,185.249,28722245
QQQ,2019-09-16,184.288,184.651,185.044,184.103,21091841
QQQ,2019-09-17,184.67,185.552,185.552,184.278,21916757
QQQ,2019-09-18,185.161,185.477,185.552,183.132,32358758
QQQ,2019-09-19,185.799,185.789,186.936,185.427,27211985
QQQ,2019-09-20,186.044,183.809,186.24,183.182,31277613
QQQ,2019-09-23,183.749,183.878,184.426,183.122,23741877
QQQ,2019-09-24,184.719,181.436,185.132,180.64,42574807
QQQ,2019-09-25,181.27,183.474,183.955,179.76,37812021
QQQ,2019-09-26,183.27,182.789,183.397,181.445,28002263
QQQ,2019-09-27,183.102,180.527,183.23,179.318,42271900
QQQ,2019-09-30,181.23,182.257,182.545,180.886,27515164
QQQ,2019-10-01,182.945,180.759,183.965,180.468,33839945
QQQ,2019-10-02,179.573,177.662,180.699,176.652,50692003
QQQ,2019-10-03,177.681,179.631,179.75,175.507,41037120
QQQ,2019-10-04,180.497,182.257,182.516,180.398,33930738
QQQ,2019-10-07,181.691,181.701,183.142,181.378,22174477
QQQ,2019-10-08,180.507,178.995,181.339,178.849,34396172
QQQ,2019-10-09,180.468,180.719,181.543,179.965,21578204
QQQ,2019-10-10,180.739,182.132,182.836,180.612,27653921
QQQ,2019-10-11,184.171,184.465,185.945,184.093,42919054
QQQ,2019-10-14,184.191,184.445,185.044,184.014,15925712
QQQ,2019-10-15,184.994,186.807,187.239,184.907,24589573
QQQ,2019-10-16,186.19,186.347,186.817,185.759,21433370
QQQ,2019-10-17,187.445,186.836,187.759,186.122,19851047
QQQ,2019-10-18,186.563,185.034,186.956,184.073,28716089
QQQ,2019-10-21,185.964,186.68,186.807,185.477,16439731
QQQ,2019-10-22,187.327,185.191,187.681,185.132,23815871
QQQ,2019-10-23,184.779,185.552,185.591,184.505,15744992
QQQ,2019-10-24,186.906,187.357,187.475,186.053,19957128
QQQ,2019-10-25,186.397,188.837,188.935,186.357,22280699
QQQ,2019-10-28,189.74,190.721,190.965,189.72,19520036
QQQ,2019-10-29,190.397,189.23,190.691,189.2,19237601
QQQ,2019-10-30,189.592,190.151,190.474,188.504,22547146
QQQ,2019-10-31,190.711,190.239,190.799,189.131,27765829
QQQ,2019-11-01,191.062,191.955,191.965,190.779,22927930
QQQ,2019-11-04,193.24,193.151,193.562,191.945,19699831
QQQ,2019-11-05,193.387,193.25,193.581,192.613,15590152
QQQ,2019-11-06,193.031,192.818,193.051,191.868,20434986
QQQ,2019-11-07,193.787,193.465,194.731,192.905,18473763
QQQ,2019-11-08,193.071,194.247,194.267,192.603,15821849
QQQ,2019-11-11,193.27,193.985,194.064,192.992,10553645
QQQ,2019-11-12,194.152,194.552,195.2,193.847,15309838
QQQ,2019-11-13,193.867,194.602,194.79,193.737,16689810
QQQ,2019-11-14,193.857,194.444,194.572,193.26,17669157
QQQ,2019-11-15,195.59,195.886,195.886,195.001,19097583
QQQ,2019-11-18,195.59,196.033,196.327,194.78,19070938
QQQ,2019-11-19,196.749,196.307,196.749,195.57,17608947
QQQ,2019-11-20,195.827,195.15,196.387,193.649,38026552
QQQ,2019-11-21,194.943,194.711,195.071,194.093,18579428
QQQ,2019-11-22,195.17,194.838,195.309,193.767,17815574
QQQ,2019-11-25,195.65,197.12,197.16,195.65,18434771
QQQ,2019-11-26,197.219,197.503,197.748,196.955,15345721
QQQ,2019-11-27,198.002,198.877,198.897,197.768,17550129
QQQ,2019-11-29,198.445,197.974,198.678,197.877,10209008
QQQ,2019-12-02,197.983,195.964,198.051,194.79,29132497
QQQ,2019-12-03,193.357,194.424,194.503,187.054,32555735
QQQ,2019-12-04,195.475,195.417,195.886,195.14,15888397
QQQ,2019-12-05,196.092,195.808,196.092,194.847,15579709
QQQ,2019-12-06,197.15,197.877,198.022,197.051,17157970
QQQ,2019-12-09,197.523,196.975,198.455,196.888,14536895
QQQ,2019-12-10,197.071,196.808,197.758,196.377,22635619
QQQ,2019-12-11,197.268,197.857,198.061,196.945,19577487
QQQ,2019-12-12,197.659,199.347,200.122,197.387,33880969
QQQ,2019-12-13,199.198,199.993,200.69,198.807,33704613
QQQ,2019-12-16,201.267,202.012,202.259,201.247,22134692
QQQ,2019-12-17,202.23,202.13,202.434,201.797,16611393
QQQ,2019-12-18,202.327,202.278,202.837,202.072,16048014
QQQ,2019-12-19,202.366,203.553,203.61,202.347,18535615
QQQ,2019-12-20,204.444,204.347,205.132,203.925,28686940
QQQ,2019-12-23,205.102,204.885,205.218,204.717,24601109
QQQ,2019-12-24,205.043,204.993,205.16,204.532,7328046
QQQ,2019-12-26,205.326,206.828,206.846,205.296,17737884
QQQ,2019-12-27,207.552,206.649,207.562,206.091,18753955
QQQ,2019-12-30,206.551,205.276,206.669,204.258,22565970
QQQ,2019-12-31,204.708,205.669,205.817,204.297,18815303
QQQ,2020-01-02,207.404,209.119,209.119,207.011,32060659
QQQ,2020-01-03,206.335,207.208,208.443,206.325,28460997
QQQ,2020-01-06,205.552,208.531,208.559,205.306,22459573
QQQ,2020-01-07,208.609,208.501,209.099,207.845,23900581
QQQ,2020-01-08,208.443,210.062,211.03,208.14,27356527
QQQ,2020-01-09,211.777,211.854,212.257,210.611,24438423
QQQ,2020-01-10,212.591,211.306,212.699,210.933,22653543
QQQ,2020-01-13,212.16,213.738,213.768,211.844,23616422
QQQ,2020-01-14,213.54,212.893,213.991,212.571,25401899
QQQ,2020-01-15,212.991,212.982,213.981,212.297,26610051
QQQ,2020-01-16,214.021,215.032,215.071,213.59,19439020
QQQ,2020-01-17,215.961,216.089,216.267,214.873,25145357
QQQ,2020-01-21,215.461,216.001,216.54,215.392,21859269
QQQ,2020-01-22,217.061,216.57,217.814,216.297,21435588
QQQ,2020-01-23,216.413,217.266,217.365,215.431,27389505
QQQ,2020-01-24,218.257,215.431,218.509,214.443,38698759
QQQ,2020-01-27,210.62,210.991,212.131,210.092,43689481
QQQ,2020-01-28,212.432,214.228,214.725,211.923,27633215
QQQ,2020-01-29,215.392,214.581,215.659,213.62,30043074
QQQ,2020-01-30,213.169,215.335,215.431,212.521,40902241
QQQ,2020-01-31,216.207,211.933,216.267,211.169,53769691
QQQ,2020-02-03,212.952,215.131,215.609,212.806,26327042
QQQ,2020-02-04,218.051,220.061,220.432,217.336,31726051
QQQ,2020-02-05,222.706,220.778,222.736,219.454,39834126
QQQ,2020-02-06,221.305,222.679,222.736,220.538,23224618
QQQ,2020-02-07,221.678,221.717,222.923,221.077,26757716
QQQ,2020-02-10,220.973,224.402,224.412,220.924,22203146
QQQ,2020-02-11,225.609,224.442,226.394,223.844,31216192
QQQ,2020-02-12,225.736,226.628,226.735,225.207,25296392
QQQ,2020-02-13,225.04,226.345,227.265,224.786,23541020
QQQ,2020-02-14,226.638,226.993,227.196,225.942,24228825
QQQ,2020-02-18,225.863,227.078,227.501,225.649,25348045
QQQ,2020-02-19,228.373,229.255,229.716,228.157,22980025
QQQ,2020-02-20,228.755,227.118,229.226,224.314,44040530
QQQ,2020-02-21,226.03,222.756,226.384,221.833,68285963
QQQ,2020-02-24,214.611,214.168,216.932,213.07,87372467
QQQ,2020-02-25,215.913,208.346,216.68,207.737,101038661
QQQ,2020-02-26,209.591,209.404,213.09,207.894,83110966
QQQ,2020-02-27,204.148,198.936,209.356,198.797,125930151
QQQ,2020-02-28,192.425,199.09,200.404,191.689,154279356
QQQ,2020-03-02,202.072,209.346,209.494,199.228,116741828
QQQ,2020-03-03,210.022,202.659,212.442,200.848,136402729
QQQ,2020-03-04,206.365,211.109,211.218,204.463,75550516
QQQ,2020-03-05,205.748,204.678,209.296,203.257,81359234
QQQ,2020-03-06,197.993,201.237,202.337,196.287,92857207
QQQ,2020-03-09,187.17,187.259,194.611,185.848,120349546
QQQ,2020-03-10,194.562,197.445,197.629,187.367,103991216
QQQ,2020-03-11,192.838,188.846,194.207,186.455,92175359
QQQ,2020-03-12,176.132,171.534,184.555,171.173,142467710
QQQ,2020-03-13,180.965,186.073,188.132,172.319,139429906
QQQ,2020-03-16,168.477,163.79,178.661,163.654,95158256
QQQ,2020-03-17,169.741,176.182,178.379,164.25,125345632
QQQ,2020-03-18,165.997,170.838,173.379,161.359,118005419
QQQ,2020-03-19,169.957,171.87,177.506,166.017,124972846
QQQ,2020-03-20,175.807,165.114,176.897,164.555,122995765
QQQ,2020-03-23,165.702,165.252,168.916,159.909,128551769
QQQ,2020-03-24,174.436,178.075,178.241,172.534,97859777
QQQ,2020-03-25,178.819,176.742,183.739,174.505,91540600
QQQ,2020-03-26,178.28,186.063,186.866,178.026,82394942
QQQ,2020-03-27,181.24,179.681,184.71,179.055,60691903
QQQ,2020-03-30,181.396,186.2,186.641,180.66,50906068
QQQ,2020-03-31,185.711,184.602,189.309,183.435,64625910
QQQ,2020-04-01,179.2,176.752,181.947,175.359,55401305
QQQ,2020-04-02,176.055,180.358,184.307,175.467,58237588
QQQ,2020-04-03,179.869,177.787,181.378,175.778,48978083
QQQ,2020-04-06,184.583,190.503,191.631,183.426,66796208
QQQ,2020-04-07,196.003,190.425,196.484,190.033,72098523
QQQ,2020-04-08,192.044,194.474,195.061,190.2,47382342
QQQ,2020-04-09,196.112,194.761,197.021,192.963,70468367
QQQ,2020-04-13,193.837,196.838,197.219,192.69,44198975
QQQ,2020-04-14,200.867,205.405,206.032,200.141,65967020
QQQ,2020-04-15,202.14,203.062,205.385,200.819,48512238
QQQ,2020-04-16,205.326,206.768,207.845,203.316,66686720
QQQ,2020-04-17,209.375,208.748,209.914,205.621,64836270
QQQ,2020-04-20,206.788,206.268,209.306,206.101,39449627
QQQ,2020-04-21,204.208,198.651,204.727,197.425,75221863
QQQ,2020-04-22,202.777,204.542,205.885,201.992,41450150
QQQ,2020-04-23,205.346,204.101,207.904,203.699,44636896
QQQ,2020-04-24,204.512,207.336,207.776,203.13,35380020
QQQ,2020-04-27,209.591,209.012,210.032,207.972,37595784
QQQ,2020-04-28,210.66,205.052,210.708,204.766,48333667
QQQ,2020-04-29,209.621,212.334,213.268,208.599,50245436
QQQ,2020-04-30,213.308,212.247,213.337,210.738,44720371
QQQ,2020-05-01,208.012,206.268,210.072,205.228,50326463
QQQ,2020-05-04,205.16,208.679,208.906,204.688,33871780
QQQ,2020-05-05,210.787,211.04,213.431,210.248,38968947
QQQ,2020-05-06,212.699,212.334,214.317,211.472,37599412
QQQ,2020-05-07,215.003,215.071,215.951,213.708,39837128
QQQ,2020-05-08,216.747,218.031,218.16,215.708,32967662
QQQ,2020-05-11,216.698,219.972,220.993,216.453,36835061
QQQ,2020-05-12,220.548,215.354,221.157,215.325,42342661
QQQ,2020-05-13,215.877,212.669,217.786,210.112,67577678
QQQ,2020-05-14,211.482,215.081,215.121,209.404,53167290
QQQ,2020-05-15,212.111,216.473,216.531,211.688,57496908
QQQ,2020-05-18,219.395,220.499,221.717,218.609,43934532
QQQ,2020-05-19,220.728,219.962,222.854,219.814,37374659
QQQ,2020-05-20,222.501,224.343,224.706,222.501,38591382
QQQ,2020-05-21,224.442,221.903,225.069,221.394,45012699
QQQ,2020-05-22,221.503,222.669,222.874,220.568,29665137
QQQ,2020-05-26,226.345,222.071,226.471,221.823,34092832
QQQ,2020-05-27,221.552,223.276,223.393,217.13,57412704
QQQ,2020-05-28,222.081,222.981,226.374,222.081,44358355
QQQ,2020-05-29,223.413,226.266,226.501,221.794,52475488
QQQ,2020-06-01,225.334,226.943,227.314,224.943,26960567
QQQ,2020-06-02,227.285,228.46,228.52,224.953,34431198
QQQ,2020-06-03,229.041,229.482,230.237,228.187,38397172
QQQ,2020-06-04,229.127,227.883,230.549,226.579,39931253
QQQ,2020-06-05,228.883,232.394,232.992,228.46,48852200
QQQ,2020-06-08,232.246,234.216,234.324,230.668,33971086
QQQ,2020-06-09,233.341,235.912,236.745,233.158,36146226
QQQ,2020-06-10,237.54,238.715,240.263,237.068,59907466
QQQ,2020-06-11,234.921,226.903,236.168,226.843,75208114
QQQ,2020-06-12,231.804,228.707,233.091,224.686,74295695
QQQ,2020-06-15,225.374,231.481,232.158,224.422,46729403
QQQ,2020-06-16,236.351,235.47,236.951,231.814,50424575
QQQ,2020-06-17,236.959,236.198,238.029,235.351,35839920
QQQ,2020-06-18,235.902,236.844,237.088,235.119,31538398
QQQ,2020-06-19,239.224,236.805,239.479,235.08,50973291
QQQ,2020-06-22,236.755,239.647,239.765,236.371,24780978
QQQ,2020-06-23,241.255,241.695,243.942,240.697,33737106
QQQ,2020-06-24,240.862,236.696,242.157,235.208,47394684
QQQ,2020-06-25,236.894,238.951,239.254,234.226,38034058
QQQ,2020-06-26,238.677,233.321,238.881,232.794,54387874
QQQ,2020-06-29,233.091,235.872,235.882,230.519,35395198
QQQ,2020-06-30,235.804,240.481,241.029,235.619,40060721
QQQ,2020-07-01,240.539,243.294,244.294,239.971,35715824
QQQ,2020-07-02,245.694,244.941,246.95,244.481,32902235
QQQ,2020-07-06,248.116,250.961,251.49,248.087,35612697
QQQ,2020-07-07,250.673,249.233,253.392,248.941,37660706
QQQ,2020-07-08,250.577,252.519,252.549,249.136,31326725
QQQ,2020-07-09,254.361,254.646,255.312,250.224,41505949
QQQ,2020-07-10,254.468,256.372,256.625,251.812,33858524
QQQ,2020-07-13,259.206,251.107,262.047,250.284,66005342
QQQ,2020-07-14,248.714,252.891,253.302,245.491,74368144
QQQ,2020-07-15,254.166,253.412,255.134,250.088,56137479
QQQ,2020-07-16,250.549,251.674,252.311,248.274,49002638
QQQ,2020-07-17,252.244,251.97,252.832,249.772,36177761
QQQ,2020-07-20,252.646,259.118,259.755,251.351,41811967
QQQ,2020-07-21,260.704,256.401,260.704,255.557,44728643
QQQ,2020-07-22,256.85,257.31,258.243,254.998,30749376
QQQ,2020-07-23,256.94,250.586,257.606,249.184,52883621
QQQ,2020-07-24,246.803,248.215,249.549,244.108,55654257
QQQ,2020-07-27,249.96,252.646,253.038,249.078,37524337
QQQ,2020-07-28,251.881,249.43,252.381,249.145,32228771
QQQ,2020-07-29,250.902,252.301,253.175,250.49,28372417
QQQ,2020-07-30,250.372,253.636,254.196,249.184,43010753
QQQ,2020-07-31,258.184,258.144,258.302,253.362,55347049
QQQ,2020-08-03,260.352,261.646,262.39,260.174,33031006
QQQ,2020-08-04,261.028,262.605,262.703,260.392,25648525
QQQ,2020-08-05,263.037,263.254,263.703,262.203,22327706
QQQ,2020-08-06,262.987,266.742,267.075,262.43,28878299
QQQ,2020-08-07,266.164,263.654,266.979,261.507,46300205
QQQ,2020-08-10,263.92,262.537,264.155,259.009,36126799
QQQ,2020-08-11,261.37,257.557,262.664,257.02,44379978
QQQ,2020-08-12,259.695,264.037,264.998,259.695,40045332
QQQ,2020-08-13,264.801,264.645,266.93,263.693,32839657
QQQ,2020-08-14,265.154,264.33,265.536,262.928,31710992
QQQ,2020-08-17,266.037,267.41,267.921,264.369,25536999
QQQ,2020-08-18,268.471,269.98,270.468,267.008,24225843
QQQ,2020-08-19,269.94,268.163,271.007,267.654,32946365
QQQ,2020-08-20,267.39,271.88,272.358,266.959,28543840
QQQ,2020-08-21,272.008,273.761,274.222,271.439,35777314
QQQ,2020-08-24,276.869,275.486,277.771,273.173,37496324
QQQ,2020-08-25,274.653,277.645,277.83,274.251,35898447
QQQ,2020-08-26,278.86,283.563,283.821,277.615,43466074
QQQ,2020-08-27,284.653,282.684,285.409,280.399,50947135
QQQ,2020-08-28,283.87,284.124,284.752,282.565,28850291
QQQ,2020-08-31,284.732,286.407,288.211,284.202,37395932
QQQ,2020-09-01,289.044,291.299,291.418,287.301,37472890
QQQ,2020-09-02,294.546,294.055,294.782,288.35,52341260
QQQ,2020-09-03,289.612,279.153,290.025,276.232,113341151
QQQ,2020-09-04,277.545,275.438,280.614,263.979,127627493
QQQ,2020-09-08,264.438,262.193,270.222,261.92,102515338
QQQ,2020-09-09,267.624,269.9,271.989,265.144,66756722
QQQ,2020-09-10,272.88,264.508,274.075,262.773,71729241
QQQ,2020-09-11,266.449,262.673,267.311,259.236,73934172
QQQ,2020-09-14,266.401,267.253,269.253,265.104,39665330
QQQ,2020-09-15,270.888,271.046,272.378,267.223,43088457
QQQ,2020-09-16,271.721,266.712,272.29,266.371,43691491
QQQ,2020-09-17,259.843,262.547,266.507,259.019,83984899
QQQ,2020-09-18,263.801,259.206,264.262,255.077,88803684
QQQ,2020-09-21,255.342,260.204,260.342,253.008,58774431
QQQ,2020-09-22,262.673,265.026,265.615,259.263,42284194
QQQ,2020-09-23,264.715,256.94,264.9,256.047,50209106
QQQ,2020-09-24,254.429,258.134,261.361,254.089,72615744
QQQ,2020-09-25,258.559,264.135,264.949,257.08,56794132
QQQ,2020-09-28,269.066,269.634,269.634,264.242,60079814
QQQ,2020-09-29,269.164,268.411,270.123,267.852,27942376
QQQ,2020-09-30,268.547,270.251,273.4,268.331,50767906
QQQ,2020-10-01,274.085,274.536,275.154,272.184,51425288
QQQ,2020-10-02,268.471,266.811,274.526,265.969,77618110
QQQ,2020-10-05,268.791,272.496,272.812,268.681,28976284
QQQ,2020-10-06,271.652,267.644,273.499,266.752,51100424
QQQ,2020-10-07,270.241,272.261,273.054,269.713,28313249
QQQ,2020-10-08,274.605,273.711,274.751,272.645,26157987
QQQ,2020-10-09,275.359,277.898,277.976,274.987,31049492
QQQ,2020-10-12,282.664,286.487,289.33,281.555,81600174
QQQ,2020-10-13,288.241,286.477,288.926,285.104,66044530
QQQ,2020-10-14,287.262,284.085,288.251,282.329,38225646
QQQ,2020-10-15,279.408,282.173,282.762,278.713,43708397
QQQ,2020-10-16,283.831,280.614,285.262,280.281,41710329
QQQ,2020-10-19,282.555,276.055,283.514,275.066,37789250
QQQ,2020-10-20,276.79,276.644,279.772,275.222,33099727
QQQ,2020-10-21,276.898,276.429,279.476,275.949,30129344
QQQ,2020-10-22,277.272,276.419,278.163,273.133,33100551
QQQ,2020-10-23,277.017,276.967,277.134,274.075,25351199
QQQ,2020-10-26,274.605,272.792,277.506,269.203,39500341
QQQ,2020-10-27,273.721,274.939,275.761,272.536,31417527
QQQ,2020-10-28,270.537,264.213,271.036,263.96,54913906
QQQ,2020-10-29,265.575,268.839,271.851,265.064,44461089
QQQ,2020-10-30,266.881,262.028,267.724,259.785,67788028
QQQ,2020-11-02,264.302,262.605,266.047,259.685,41110653
QQQ,2020-11-03,264.428,267.145,269.263,263.429,44828983
QQQ,2020-11-04,275.821,279.075,280.87,274.163,77855407
QQQ,2020-11-05,285.399,286.35,287.329,284.026,53516385
QQQ,2020-11-06,285.563,286.565,287.301,281.908,42110320
QQQ,2020-11-09,289.183,280.692,290.967,280.252,88967893
QQQ,2020-11-10,277.466,275.682,278.83,272.939,70963783
QQQ,2020-11-11,278.104,281.839,282.319,275.646,37117061
QQQ,2020-11-12,282.772,280.516,284.104,279.408,35486401
QQQ,2020-11-13,282.085,282.975,283.602,280.006,25579474
QQQ,2020-11-16,282.744,285.193,285.495,282.065,31015789
QQQ,2020-11-17,285.389,284.281,285.712,283.642,22457044
QQQ,2020-11-18,283.732,282.183,285.36,282.094,28858093
QQQ,2020-11-19,281.565,284.388,284.703,280.946,23356580
QQQ,2020-11-20,284.309,282.446,285.064,282.358,26635043
QQQ,2020-11-23,283.447,282.456,284.752,280.202,27630522
QQQ,2020-11-24,283.524,286.427,286.926,281.712,25205466
QQQ,2020-11-25,287.378,288.181,288.819,286.545,23982074
QQQ,2020-11-27,290.133,290.84,291.977,289.751,17645226
QQQ,2020-11-30,291.122,291.437,291.78,286.731,28618151
QQQ,2020-12-01,293.613,295.172,296.8,292.613,28419121
QQQ,2020-12-02,293.956,295.553,295.887,292.141,24283488
QQQ,2020-12-03,295.76,295.966,297.525,295.241,23469985
QQQ,2020-12-04,296.016,297.17,297.32,295.341,19875119
QQQ,2020-12-07,297.359,298.858,299.22,297.17,21347350
QQQ,2020-12-08,298.375,299.867,300.162,296.623,18754386
QQQ,2020-12-09,299.652,293.083,299.936,292.016,50149668
QQQ,2020-12-10,291.034,294.25,295.388,289.936,28292438
QQQ,2020-12-11,292.593,293.593,293.721,290.309,27512114
QQQ,2020-12-14,294.802,295.73,297.689,294.732,29613958
QQQ,2020-12-15,298.006,298.897,298.897,295.8,26514907
QQQ,2020-12-16,299.289,300.533,301.318,298.25,26177112
QQQ,2020-12-17,302.142,302.504,302.74,300.935,24397112
QQQ,2020-12-18,303.152,301.583,303.455,299.2,42329949
QQQ,2020-12-21,298.624,301.024,301.554,295.838,38068609
QQQ,2020-12-22,301.926,301.837,302.769,298.994,27070329
QQQ,2020-12-23,301.887,300.318,302.25,300.152,21757454
QQQ,2020-12-24,300.583,301.642,302.092,300.504,17225320
QQQ,2020-12-28,304.27,304.691,305.162,302.425,23087931
QQQ,2020-12-29,306.025,304.964,306.642,304.053,26550626
QQQ,2020-12-30,306.133,304.974,306.455,304.347,18613888
QQQ,2020-12-31,304.877,305.72,306.21,303.789,22178346
QQQ,2021-01-04,307.062,301.395,307.24,297.379,46494413
QQQ,2021-01-05,300.405,303.886,304.161,300.405,30092652
QQQ,2021-01-06,299.152,299.681,303.906,298.163,54194982
QQQ,2021-01-07,302.348,306.934,307.767,302.318,31192176
QQQ,2021-01-08,309.22,310.877,311.22,307.032,34846614
QQQ,2021-01-11,307.905,306.385,309.071,305.73,33731353
QQQ,2021-01-12,306.425,305.895,307.515,303.25,30034520
QQQ,2021-01-13,306.162,307.964,308.76,305.553,23499112
QQQ,2021-01-14,308.404,306.317,309.406,305.835,24116610
QQQ,2021-01-15,306.104,303.886,307.072,302.64,36039990
QQQ,2021-01-19,306.22,308.318,308.828,305.113,25180733
QQQ,2021-01-20,311.953,315.505,316.434,308.404,31534189
QQQ,2021-01-21,316.835,318.015,318.768,315.465,25981076
QQQ,2021-01-22,316.964,317.091,318.11,316.405,22176327
QQQ,2021-01-25,320.504,319.717,321.873,313.2,40105851
QQQ,2021-01-26,320.445,320.189,321.335,318.846,26167005
QQQ,2021-01-27,317.916,311.258,317.926,309.24,56713730
QQQ,2021-01-28,312.474,313.112,318.073,311.848,43960053
QQQ,2021-01-29,311.405,306.523,312.524,304.769,56708634
QQQ,2021-02-01,309.973,314.18,315.278,307.944,36581113
QQQ,2021-02-02,317.151,319.297,320.465,316.982,34820956
QQQ,2021-02-03,321.394,318.035,321.759,317.975,25475741
QQQ,2021-02-04,319.434,321.796,321.883,318.11,22937282
QQQ,2021-02-05,322.756,322.896,323.913,321.111,23328289
QQQ,2021-02-08,324.592,325.05,325.198,322.945,20999615
QQQ,2021-02-09,324.132,324.982,326.248,324.122,18059114
QQQ,2021-02-10,326.422,324.248,326.874,321.082,28805030
QQQ,2021-02-11,325.775,326.023,326.432,323.642,22624409
QQQ,2021-02-12,325.168,327.845,328.013,324.142,20880580
QQQ,2021-02-16,328.649,326.954,329.552,325.785,27791190
QQQ,2021-02-17,323.983,325.386,327.071,321.739,32292945
QQQ,2021-02-18,321.786,323.983,325.327,319.962,33081897
QQQ,2021-02-19,325.317,322.562,325.445,321.544,40184905
QQQ,2021-02-22,318.149,314.2,319.415,313.993,48496642
QQQ,2021-02-23,308.897,313.269,314.945,303.054,99792895
QQQ,2021-02-24,310.592,315.856,316.16,307.885,59733204
QQQ,2021-02-25,313.18,304.837,315.757,303.287,113073014
QQQ,2021-02-26,307.777,306.114,310.954,302.936,107487493
QQQ,2021-03-01,311.103,315.328,315.668,309.808,50454256
QQQ,2021-03-02,315.976,310.259,316.053,310.003,49638932
QQQ,2021-03-03,309.15,301.249,310.102,301.201,88565019
QQQ,2021-03-04,300.885,296.327,304.062,292.437,142781436
QQQ,2021-03-05,298.946,300.789,301.692,289.841,124711672
QQQ,2021-03-08,300.24,292.27,302.132,291.858,90729045
QQQ,2021-03-09,299.613,303.798,305.711,299.074,82500024
QQQ,2021-03-10,308.083,302.936,308.374,302.24,78812717
QQQ,2021-03-11,307.7,309.905,311.681,306.81,54887877
QQQ,2021-03-12,305.835,307.396,310.092,303.425,71133965
QQQ,2021-03-15,307.72,310.678,310.847,306.065,44254430
QQQ,2021-03-16,312.885,312.386,315.926,310.944,56366773
QQQ,2021-03-17,309.327,313.67,315.582,307.61,80311699
QQQ,2021-03-18,308.769,304.062,309.75,303.603,85118102
QQQ,2021-03-19,303.896,305.132,306.692,301.74,80504093
QQQ,2021-03-22,307.535,310.857,312.935,307.535,57597095
QQQ,2021-03-23,311.944,309.494,313.278,308.671,54789390
QQQ,2021-03-24,310.877,304.28,310.917,304.131,66420905
QQQ,2021-03-25,302.425,303.751,305.27,299.906,80693689
QQQ,2021-03-26,303.535,308.299,308.621,302.132,65104766
QQQ,2021-03-29,307.767,308.211,309.268,304.867,55970703
QQQ,2021-03-30,306.249,306.672,307.25,303.955,45749558
QQQ,2021-03-31,308.454,311.355,312.935,308.123,56405870
QQQ,2021-04-01,315.209,316.662,316.798,314.955,57075235
QQQ,2021-04-05,319.16,322.995,323.766,316.729,43224889
QQQ,2021-04-06,322.678,322.766,324.728,321.983,34374130
QQQ,2021-04-07,322.287,323.553,324.382,321.354,32846098
QQQ,2021-04-08,326.412,326.914,327.1,325.61,30687971
QQQ,2021-04-09,325.553,328.903,329.111,324.818,37579865
QQQ,2021-04-12,327.854,328.473,328.893,326.571,26477676
QQQ,2021-04-13,330.011,332.308,332.777,329.797,31132016
QQQ,2021-04-14,332.549,328.316,332.677,327.493,43626530
QQQ,2021-04-15,331.208,333.294,333.689,328.022,37249756
QQQ,2021-04-16,333.826,333.689,333.902,331.806,41879761
QQQ,2021-04-19,332.11,330.629,333.265,328.699,35394901
QQQ,2021-04-20,329.973,328.217,331.256,326.238,39032148
QQQ,2021-04-21,326.924,331.032,331.218,325.835,37511386
QQQ,2021-04-22,330.639,327.033,331.63,325.875,47082478
QQQ,2021-04-23,327.669,331.158,332.472,327.669,37323649
QQQ,2021-04-26,331.403,333.314,333.601,330.649,31580879
QQQ,2021-04-27,333.61,331.874,333.826,330.913,34015369
QQQ,2021-04-28,331.542,330.747,332.549,330.1,34454575
QQQ,2021-04-29,334.031,331.943,334.443,328.699,38649909
QQQ,2021-04-30,329.482,329.768,331.982,328.844,39218284
QQQ,2021-05-03,330.973,328.003,331.728,327.551,30471635
QQQ,2021-05-04,325.435,322.102,325.755,318.267,66772714
QQQ,2021-05-05,324.162,321.024,325.03,320.238,47372709
QQQ,2021-05-06,320.757,323.444,323.603,318.503,47982532
QQQ,2021-05-07,326.229,326.062,328.453,323.623,54655172
QQQ,2021-05-10,324.679,317.826,324.857,317.621,62215241
QQQ,2021-05-11,311.915,317.386,318.189,311.248,73759462
QQQ,2021-05-12,312.435,309.17,314.767,308.299,93439873
QQQ,2021-05-13,312.131,311.562,314.552,309.18,71621564
QQQ,2021-05-14,314.748,318.444,319.355,314.239,45477268
QQQ,2021-05-17,316.719,316.504,318.424,313.62,40378100
QQQ,2021-05-18,317.464,314.375,318.699,314.101,37440022
QQQ,2021-05-19,308.946,314.739,315.042,308.592,67974101
QQQ,2021-05-20,316.218,320.827,321.689,316.015,47625697
QQQ,2021-05-21,322.386,319.042,322.806,318.691,51586443
QQQ,2021-05-24,321.354,324.412,325.543,318.934,33286203
QQQ,2021-05-25,325.934,324.867,326.65,323.688,32060915
QQQ,2021-05-26,325.534,325.993,326.462,324.848,26079909
QQQ,2021-05-27,325.543,324.778,326.392,324.572,28628784
QQQ,2021-05-28,325.983,325.795,327.395,325.475,30674288
QQQ,2021-06-01,327.128,324.719,327.601,323.365,31922657
QQQ,2021-06-02,325.129,325.346,326.2,323.632,22598145
QQQ,2021-06-03,322.502,321.963,323.786,320.288,37982603
QQQ,2021-06-04,323.776,327.425,327.874,323.707,39703214
QQQ,2021-06-07,326.884,328.404,328.463,326.2,33425680
QQQ,2021-06-08,330.158,328.562,331.032,326.865,27963660
QQQ,2021-06-09,329.944,328.639,330.717,328.453,22021485
QQQ,2021-06-10,328.983,332.07,332.168,328.532,34543102
QQQ,2021-06-11,332.08,332.934,332.944,331.423,21752445
QQQ,2021-06-14,333.364,336.118,336.128,332.168,28522156
QQQ,2021-06-15,335.766,333.931,336.08,333.207,36861256
QQQ,2021-06-16,334.385,332.707,335.461,329.238,56782033
QQQ,2021-06-17,331.699,336.933,337.953,331.649,61213079
QQQ,2021-06-18,335.258,334.277,336.415,333.543,56797739
QQQ,2021-06-21,334.473,336.365,336.687,332.258,33776502
QQQ,2021-06-22,336.158,339.512,339.963,335.854,29629234
QQQ,2021-06-23,339.453,339.677,340.824,338.834,27834409
QQQ,2021-06-24,341.618,341.776,343.295,341.07,33355692
QQQ,2021-06-25,342.335,341.355,342.579,340.745,29364260
QQQ,2021-06-28,342.638,345.502,345.64,342.579,40059978
QQQ,2021-06-29,345.324,346.754,346.784,344.481,30125155
QQQ,2021-06-30,346.599,346.206,346.991,345.62,33501433
QQQ,2021-07-01,345.854,346.344,346.854,344.49,29985860
QQQ,2021-07-02,348.245,350.315,350.637,348.02,33504792
QQQ,2021-07-06,350.923,351.824,352.109,348.216,39765231
QQQ,2021-07-07,354.038,352.568,354.345,350.607,36103089
QQQ,2021-07-08,347.491,350.442,351.303,346.196,52099087
QQQ,2021-07-09,349.852,352.628,353.107,349.275,36020463
QQQ,2021-07-12,354.038,354.009,354.469,352.451,26328688
QQQ,2021-07-13,353.629,354.009,356.98,353.147,40666770
QQQ,2021-07-14,356.364,354.647,357.01,353.814,36175886
QQQ,2021-07-15,354.557,352.149,354.765,350.139,54660056
QQQ,2021-07-16,353.011,349.305,353.999,348.951,48384830
QQQ,2021-07-19,345.834,346.444,346.941,343.863,65934777
QQQ,2021-07-20,347.381,350.462,351.911,345.59,43185919
QQQ,2021-07-21,350.03,353.167,353.167,349.804,30978786
QQQ,2021-07-22,353.373,355.51,355.52,353.373,30970985
QQQ,2021-07-23,356.834,359.655,359.932,355.481,32720136
QQQ,2021-07-26,358.959,359.941,360.333,358.087,29113770
QQQ,2021-07-27,359.675,355.978,359.675,351.795,59309548
QQQ,2021-07-28,357.12,357.333,358.921,354.815,43065621
QQQ,2021-07-29,356.774,357.97,359.148,356.774,26282471
QQQ,2021-07-30,354.029,356.117,356.695,353.999,37351467
QQQ,2021-08-02,357.775,356.147,358.364,355.432,27983512
QQQ,2021-08-03,356.804,358.294,358.412,353.599,36403325
QQQ,2021-08-04,358.254,358.812,359.775,357.147,30305538
QQQ,2021-08-05,359.636,361.087,361.322,358.921,21953398
QQQ,2021-08-06,359.825,359.508,360.795,358.383,34124024
QQQ,2021-08-09,359.971,360.175,360.705,358.861,26577018
QQQ,2021-08-10,360.695,358.324,360.978,357.138,35965449
QQQ,2021-08-11,359.597,357.706,360.097,356.374,35063533
QQQ,2021-08-12,357.195,358.998,359.364,355.854,26621687
QQQ,2021-08-13,359.354,360.263,360.598,358.851,19795586
QQQ,2021-08-16,359.138,360.422,360.461,355.264,35876699
QQQ,2021-08-17,357.647,357.234,358.628,354.805,45858134
QQQ,2021-08-18,356.705,353.804,358.107,353.471,39457635
QQQ,2021-08-19,351.853,355.52,357.185,351.608,49651635
QQQ,2021-08-20,356.586,359.198,359.597,356.276,40424160
QQQ,2021-08-23,360.244,364.569,365.245,360.234,34843356
QQQ,2021-08-24,365.156,365.677,366.284,364.694,22249252
QQQ,2021-08-25,365.93,366.097,366.675,365.166,20927546
QQQ,2021-08-26,365.235,363.785,365.92,363.342,29825486
QQQ,2021-08-27,364.412,367.313,367.823,363.929,27748714
QQQ,2021-08-30,368.108,371.439,371.931,368.088,27944168
QQQ,2021-08-31,371.685,371.137,371.754,369.587,30332094
QQQ,2021-09-01,372.194,371.754,373.823,371.547,28806833
QQQ,2021-09-02,373.097,371.576,373.429,370.351,26109458
QQQ,2021-09-03,370.419,372.705,373.107,370.399,25209987
QQQ,2021-09-07,372.813,373.234,373.89,371.665,24539696
QQQ,2021-09-08,373.057,371.951,373.057,369.665,33731979
QQQ,2021-09-09,372.165,370.667,373.272,370.419,30097450
QQQ,2021-09-10,372.381,367.853,373.097,367.508,41205667
QQQ,2021-09-13,370.196,367.597,370.629,365.528,49899808
QQQ,2021-09-14,369.098,366.548,369.823,365.588,42820358
QQQ,2021-09-15,367.009,369.284,369.625,364.704,34907975
QQQ,2021-09-16,367.94,369.537,370.107,365.989,36029215
QQQ,2021-09-17,369.058,365.146,369.108,364.116,62359446
QQQ,2021-09-20,359.324,357.597,361.077,352.943,77928107
QQQ,2021-09-21,359.439,358.038,360.647,356.913,42876537
QQQ,2021-09-22,358.959,361.392,362.863,357.855,48036181
QQQ,2021-09-23,362.559,364.723,365.756,361.914,45662727
QQQ,2021-09-24,362.451,365.06,365.478,362.077,36872968
QQQ,2021-09-27,362.009,362.155,363.04,359.587,44319063
QQQ,2021-09-28,357.568,351.901,362.106,351.393,99913168
QQQ,2021-09-29,353.176,351.323,355.333,350.696,59391221
QQQ,2021-09-30,352.982,350.03,354.656,349.196,62774054
QQQ,2021-10-01,350.657,352.207,353.255,346.541,57651581
QQQ,2021-10-04,350.578,344.815,350.913,342.559,78503651
QQQ,2021-10-05,345.883,349.471,351.726,345.657,48302049
QQQ,2021-10-06,346.245,351.706,351.98,345.334,58092386
QQQ,2021-10-07,354.775,354.941,357.587,354.237,40303267
QQQ,2021-10-08,356.028,353.167,356.246,352.628,42768982
QQQ,2021-10-11,351.618,350.452,355.166,350.363,35635968
QQQ,2021-10-12,351.911,349.236,352.353,348.588,44898920
QQQ,2021-10-13,351.551,352.029,352.706,349.509,41028953
QQQ,2021-10-14,355.647,358.51,358.726,354.98,44417018
QQQ,2021-10-15,359.735,360.775,360.892,358.696,41334806
QQQ,2021-10-18,359.468,364.403,364.615,358.861,35294748
QQQ,2021-10-19,365.468,367.155,367.204,364.442,29749455
QQQ,2021-10-20,367.617,366.675,368.234,365.185,32100878
QQQ,2021-10-21,365.871,368.919,369.117,365.568,26045789
QQQ,2021-10-22,367.656,365.813,368.626,364.146,37096947
QQQ,2021-10-25,367.244,369.567,370.489,365.284,33335675
QQQ,2021-10-26,371.823,370.735,374.235,369.537,48259481
QQQ,2021-10-27,371.186,371.595,374.665,370.918,46796313
QQQ,2021-10-28,373.489,375.714,375.969,372.715,38867317
QQQ,2021-10-29,372.617,377.567,377.734,372.272,38154653
QQQ,2021-11-01,378.008,378.862,378.988,375.91,31461694
QQQ,2021-11-02,378.243,380.43,380.91,378.194,25704245
QQQ,2021-11-03,380.92,384.478,384.901,379.89,34512827
QQQ,2021-11-04,385.752,389.398,390.36,385.203,41176742
QQQ,2021-11-05,391.185,389.772,392.113,388.36,44365820
QQQ,2021-11-08,389.742,389.243,390.77,388.596,29918503
QQQ,2021-11-09,390.32,386.576,390.723,385.203,51633608
QQQ,2021-11-10,383.782,380.88,386.616,378.959,56180925
QQQ,2021-11-11,383.881,381.938,384.055,381.596,32972822
QQQ,2021-11-12,383.097,385.969,386.507,381.486,35516710
QQQ,2021-11-15,387.155,385.88,387.478,383.419,34480062
QQQ,2021-11-16,385.144,388.616,389.115,384.948,28503860
QQQ,2021-11-17,388.937,388.819,390.869,387.87,29352978
QQQ,2021-11-18,390.879,392.858,393.37,388.646,46756449
QQQ,2021-11-19,394.507,395.055,396.318,393.675,46214663
QQQ,2021-11-22,396.585,390.46,399.663,390.35,63112334
QQQ,2021-11-23,389.292,388.676,391.369,384.224,71685463
QQQ,2021-11-24,386.194,389.929,390.211,383.852,48017222
QQQ,2021-11-26,387.35,382.537,388.732,381.137,52699802
QQQ,2021-11-29,387.135,390.839,391.86,386.399,55679549
QQQ,2021-11-30,389.949,385.105,392.31,383.077,83173708
QQQ,2021-12-01,389.456,378.556,391.615,378.087,80153407
QQQ,2021-12-02,377.264,381.273,383.067,375.83,86327443
QQQ,2021-12-03,382.645,374.646,383.654,370.519,107733745
QQQ,2021-12-06,375.136,377.655,379.026,370.908,69118714
QQQ,2021-12-07,384.331,389.017,389.634,384.291,57272977
QQQ,2021-12-08,389.351,390.761,390.967,387.458,40091448
QQQ,2021-12-09,389.525,385.015,391.34,384.821,51104899
QQQ,2021-12-10,387.85,389.194,389.456,384.655,53735171
QQQ,2021-12-13,389.185,383.575,389.506,383.205,51301956
QQQ,2021-12-14,378.734,379.616,381.447,375.136,76901359
QQQ,2021-12-15,379.361,388.252,388.616,375.379,75529849
QQQ,2021-12-16,389.224,378.282,389.654,376.684,84460874
QQQ,2021-12-17,374.841,376.389,380.567,373.312,83490884
QQQ,2021-12-20,371.635,372.735,373.528,369.587,66730708
QQQ,2021-12-21,376.027,381.078,381.388,372.262,49942687
QQQ,2021-12-22,380.781,385.722,385.93,380.124,37832450
QQQ,2021-12-23,386.076,388.626,390.105,385.91,30226919
QQQ,2021-12-27,389.929,395.055,395.055,389.901,33520894
QQQ,2021-12-28,395.957,393.221,396.136,392.34,33820168
QQQ,2021-12-29,393.36,393.166,394.636,390.77,32936465
QQQ,2021-12-30,392.948,391.988,395.144,391.399,24358876
QQQ,2021-12-31,391.311,389.535,392.683,389.037,35494293
QQQ,2022-01-03,390.713,393.29,393.545,388.587,41441490
QQQ,2022-01-04,393.839,388.183,393.879,385.075,59265144
QQQ,2022-01-05,386.497,376.264,387.626,376.007,77355663
QQQ,2022-01-06,374.43,375.998,379.263,372.184,72325060
QQQ,2022-01-07,376.007,371.931,377.705,370.146,74202251
QQQ,2022-01-10,366.989,372.165,372.685,361.597,93728307
QQQ,2022-01-11,371.429,377.763,377.928,369.342,69752702
QQQ,2022-01-12,380.342,379.263,382.045,376.968,55740686
QQQ,2022-01-13,380.617,369.773,381.331,368.833,79657867
QQQ,2022-01-14,367.234,372.077,372.401,367.029,81830497
QQQ,2022-01-18,366.225,362.813,368.361,362.047,77429658
QQQ,2022-01-19,364.373,358.821,366.863,358.559,83536402
QQQ,2022-01-20,362.067,354.167,366.058,353.629,90501080
QQQ,2022-01-21,351.96,344.346,354.617,344.06,146447946
QQQ,2022-01-24,338.677,345.922,346.59,327.167,203703088
QQQ,2022-01-25,339.433,337.904,343.696,334.541,127052280
QQQ,2022-01-26,345.54,337.375,349.423,333.659,149686191
QQQ,2022-01-27,342.1,333.971,343.933,332.944,97287818
QQQ,2022-01-28,335.864,344.452,344.667,330.893,110475526
QQQ,2022-01-31,345.825,355.471,356.057,344.176,96338726
QQQ,2022-02-01,356.814,357.884,358.54,351.638,76020959
QQQ,2022-02-02,362.038,360.795,362.374,356.675,80457748
QQQ,2022-02-03,351.039,346.168,354.374,345.101,97419687
QQQ,2022-02-04,346.686,350.529,353.852,344.618,88159795
QQQ,2022-02-07,351.127,347.716,353.509,346.454,59439671
QQQ,2022-02-08,346.57,351.618,352.716,345.432,66101637
QQQ,2022-02-09,356.157,359.068,359.148,354.557,56956129
QQQ,2022-02-10,352.009,350.942,358.831,349.088,114867859
QQQ,2022-02-11,350.942,339.815,352.548,338.579,103735953
QQQ,2022-02-14,339.256,340.227,343.647,336.706,81966569
QQQ,2022-02-15,345.54,348.688,348.923,344.472,56572499
QQQ,2022-02-16,346.434,348.598,349.629,343.385,60204649
QQQ,2022-02-17,345.372,338.236,346.078,337.816,63119808
QQQ,2022-02-18,339.176,334.375,339.569,332.061,81708247
QQQ,2022-02-22,331.423,331.022,336.856,327.366,87801097
QQQ,2022-02-23,334.188,322.542,335.031,322.228,88054669
QQQ,2022-02-24,312.181,333.374,333.912,311.611,133400542
QQQ,2022-02-25,334.178,338.55,338.755,330.346,80524087
QQQ,2022-02-28,335.354,339.56,341.257,334.188,79169242
QQQ,2022-03-01,338.532,334.356,340.804,331.826,68845045
QQQ,2022-03-02,335.914,339.973,341.305,333.128,72115371
QQQ,2022-03-03,342.618,335.109,342.728,333.236,72605989
QQQ,2022-03-04,332.737,330.258,334.178,327.924,78652671
QQQ,2022-03-07,330.248,318.073,331.413,317.866,91852420
QQQ,2022-03-08,317.278,316.592,326.248,313.259,118631922
QQQ,2022-03-09,324.818,327.993,329.354,322.218,66104159
QQQ,2022-03-10,323.913,324.343,325.563,319.885,70842482
QQQ,2022-03-11,327.336,317.621,327.649,317.131,67641334
QQQ,2022-03-14,316.375,311.523,319.767,310.817,81505096
QQQ,2022-03-15,314.18,321.296,322.082,312.562,78102405
QQQ,2022-03-16,325.228,333.207,333.324,321.544,107488182
QQQ,2022-03-17,331.306,337.247,337.306,330.001,69256593
QQQ,2022-03-18,335.581,344.147,344.442,334.414,87269239
QQQ,2022-03-21,343.305,343.185,345.54,338.77,75281275
QQQ,2022-03-22,343.686,349.932,350.805,343.305,64618187
QQQ,2022-03-23,347.04,344.903,350.617,344.844,72033719
QQQ,2022-03-24,346.834,352.568,352.618,344.671,54630871
QQQ,2022-03-25,352.51,352.276,353.569,347.956,58740695
QQQ,2022-03-28,352.266,357.726,357.825,351.019,57975334
QQQ,2022-03-29,361.637,363.882,364.51,358.851,69440153
QQQ,2022-03-30,362.004,359.864,363.677,358.373,70138661
QQQ,2022-03-31,360.01,355.402,360.363,354.557,68357282
QQQ,2022-04-01,355.667,354.725,356.452,351.531,55622913
QQQ,2022-04-04,355.568,362.028,362.038,355.303,46873048
QQQ,2022-04-05,360.569,353.989,361.286,352.843,63998723
QQQ,2022-04-06,348.648,346.304,349.756,343.657,91886207
QQQ,2022-04-07,345.304,347.13,349.335,341.824,65058297
QQQ,2022-04-08,345.382,342.275,346.138,341.638,63200439
QQQ,2022-04-11,338.02,334.178,338.944,333.831,67435122
QQQ,2022-04-12,338.954,332.767,340.844,331.379,74252156
QQQ,2022-04-13,333.11,339.531,340.59,332.386,62600283
QQQ,2022-04-14,339.619,331.766,340.138,331.552,74995952
QQQ,2022-04-18,330.707,332.021,334.326,329.18,59736703
QQQ,2022-04-19,331.374,339.443,340.022,330.346,57650762
QQQ,2022-04-20,340.256,334.493,340.717,333.265,66815544
QQQ,2022-04-21,338.394,327.571,341.022,326.641,77323418
QQQ,2022-04-22,327.728,318.992,328.953,318.563,84220348
QQQ,2022-04-25,317.356,323.09,323.405,316.083,103799551
QQQ,2022-04-26,321.054,310.897,321.206,310.616,107944942
QQQ,2022-04-27,310.994,310.524,316.524,308.799,113437622
QQQ,2022-04-28,315.515,321.554,323.395,311.268,101447340
QQQ,2022-04-29,317.327,307.082,320.782,306.445,93825170
QQQ,2022-05-02,306.672,312.21,312.445,303.55,117831743
QQQ,2022-05-03,312.23,312.543,314.846,309.759,79755829
QQQ,2022-05-04,313.023,323.11,323.786,307.711,118414849
QQQ,2022-05-05,318.768,306.839,318.846,303.525,157712630
QQQ,2022-05-06,304.827,303.162,308.887,299.098,142376028
QQQ,2022-05-09,297.506,291.299,303.258,289.897,115664648
QQQ,2022-05-10,298.515,294.838,299.74,290.732,126617505
QQQ,2022-05-11,292.563,286.093,298.105,285.223,143144501
QQQ,2022-05-12,281.791,285.417,289.926,279.33,123339260
QQQ,2022-05-13,289.897,295.996,297.033,288.292,85365684
QQQ,2022-05-16,294.24,292.563,296.307,291.28,60379230
QQQ,2022-05-17,298.455,300.142,300.523,294.632,63974886
QQQ,2022-05-18,295.601,285.409,296.298,284.143,81073351
QQQ,2022-05-19,283.593,283.88,288.595,281.918,81525861
QQQ,2022-05-20,287.359,282.995,288.014,274.693,93607193
QQQ,2022-05-23,284.045,287.703,288.083,281.634,64926734
QQQ,2022-05-24,282.451,281.584,283.173,276.693,74967142
QQQ,2022-05-25,280.084,285.525,287.613,279.878,68493099
QQQ,2022-05-26,284.722,293.436,294.994,284.437,60656488
QQQ,2022-05-27,296.584,303.016,303.162,296.464,68330955
QQQ,2022-05-31,302.986,302.212,305.201,298.336,62192836
QQQ,2022-06-01,304.357,299.975,306.494,297.749,66653994
QQQ,2022-06-02,298.848,308.191,308.366,297.428,60482158
QQQ,2022-06-03,302.946,300.172,304.357,298.916,62138113
QQQ,2022-06-06,304.632,301.172,306.2,299.603,52825079
QQQ,2022-06-07,297.828,303.77,304.553,296.731,45802083
QQQ,2022-06-08,302.966,301.583,305.582,300.731,39112135
QQQ,2022-06-09,299.887,293.504,302.966,293.339,57023197
QQQ,2022-06-10,287.87,283.153,289.064,282.708,87689972
QQQ,2022-06-13,274.242,269.989,276.78,269.126,96338811
QQQ,2022-06-14,272.194,270.478,273.173,267.955,65996925
QQQ,2022-06-15,273.915,277.232,281.182,271.163,87779711
QQQ,2022-06-16,270.163,266.047,270.626,263.979,83555408
QQQ,2022-06-17,266.821,269.281,271.731,265.186,84364442
QQQ,2022-06-21,273.786,276.074,278.405,273.678,52569718
QQQ,2022-06-22,273.561,275.673,280.102,272.962,68696022
QQQ,2022-06-23,278.167,279.779,280.631,275.319,58499347
QQQ,2022-06-24,282.618,289.365,289.788,282.38,59481296
QQQ,2022-06-27,290.731,287.244,291.299,286.103,55133068
QQQ,2022-06-28,287.783,278.491,290.386,278.306,62988539
QQQ,2022-06-29,278.356,278.747,280.26,275.841,58341466
QQQ,2022-06-30,275.751,275.289,278.89,270.869,80751317
QQQ,2022-07-01,273.985,277.107,277.499,272.098,57702470
QQQ,2022-07-05,273.356,281.85,281.969,271.823,62950066
QQQ,2022-07-06,282.234,283.657,285.771,280.505,64340261
QQQ,2022-07-07,284.473,289.728,290.436,284.473,57646480
QQQ,2022-07-08,286.879,290.091,291.466,285.938,60981218
QQQ,2022-07-11,287.666,283.895,287.893,283.009,56275884
QQQ,2022-07-12,285.151,281.144,287.077,279.542,56808535
QQQ,2022-07-13,275.605,280.564,282.921,275.034,75279736
QQQ,2022-07-14,277.952,281.566,282.439,274.819,64897301
QQQ,2022-07-15,284.572,286.674,286.78,282.95,64974996
QQQ,2022-07-18,289.472,284.247,290.887,283.068,60598507
QQQ,2022-07-19,287.893,292.989,293.285,286.281,56172768
QQQ,2022-07-20,293.41,297.634,298.824,292.628,68997903
QQQ,2022-07-21,298.098,301.908,301.961,295.425,56047256
QQQ,2022-07-22,300.974,296.614,303.057,294.774,58163283
QQQ,2022-07-25,296.644,294.922,297.112,292.91,41318027
QQQ,2022-07-26,293.215,289.13,293.47,288.314,50981828
QQQ,2022-07-27,293.716,301.348,303.047,293.147,70560661
QQQ,2022-07-28,301.132,304.293,304.871,297.356,56139476
QQQ,2022-07-29,305.839,309.842,310.755,304.414,58543378
QQQ,2022-08-01,308.066,309.657,313.134,306.963,47199191
QQQ,2022-08-02,307.35,308.734,312.872,306.287,49558872
QQQ,2022-08-03,310.424,317.142,317.966,310.364,54709809
QQQ,2022-08-04,317.221,318.625,318.938,315.058,39680144
QQQ,2022-08-05,313.507,316.023,318.066,312.721,54870921
QQQ,2022-08-08,316.944,315.0,320.656,313.527,44865097
QQQ,2022-08-09,313.095,311.434,313.35,309.804,40485035
QQQ,2022-08-10,318.812,320.127,320.422,316.324,52392384
QQQ,2022-08-11,322.459,318.31,324.477,317.603,46729648
QQQ,2022-08-12,320.367,324.507,324.699,319.312,41670297
QQQ,2022-08-15,323.556,327.128,327.627,323.536,38960282
QQQ,2022-08-16,326.145,326.362,328.467,323.299,41933468
QQQ,2022-08-17,323.21,322.641,325.531,320.549,48709401
QQQ,2022-08-18,322.592,323.417,324.607,320.973,42697377
QQQ,2022-08-19,320.363,317.112,321.022,316.344,52709028
QQQ,2022-08-22,312.83,308.763,313.065,307.947,52025172
QQQ,2022-08-23,308.527,308.507,311.354,307.751,40213047
QQQ,2022-08-24,308.027,309.402,311.228,307.418,38746928
QQQ,2022-08-25,311.19,314.872,314.892,310.136,38788871
QQQ,2022-08-26,314.578,301.966,315.785,301.878,70299385
QQQ,2022-08-29,299.197,298.989,301.751,297.88,49197793
QQQ,2022-08-30,300.651,295.659,301.269,293.127,52112334
QQQ,2022-08-31,298.578,293.942,299.482,293.834,50951201
QQQ,2022-09-01,291.437,294.07,294.442,287.734,59041957
QQQ,2022-09-02,296.956,289.913,298.34,288.294,65839070
QQQ,2022-09-06,290.396,287.833,291.319,285.691,58038795
QQQ,2022-09-07,288.314,293.647,294.649,288.047,50153336
QQQ,2022-09-08,291.564,295.17,296.494,290.19,56658599
QQQ,2022-09-09,297.44,301.622,302.123,295.171,57142610
QQQ,2022-09-12,303.009,305.208,305.541,302.692,46737881
QQQ,2022-09-13,296.425,288.47,297.624,287.572,81004415
QQQ,2022-09-14,289.614,290.76,291.644,287.843,55902514
QQQ,2022-09-15,288.833,285.918,291.251,284.305,66483109
QQQ,2022-09-16,282.598,284.169,284.562,280.534,81369127
QQQ,2022-09-19,281.512,286.383,286.541,281.452,53471297
QQQ,2022-09-20,283.865,284.1,286.403,281.788,52106700
QQQ,2022-09-21,284.945,279.014,289.238,278.876,84282517
QQQ,2022-09-22,277.477,275.579,278.491,274.344,63779847
QQQ,2022-09-23,273.098,271.091,273.395,267.658,76034478
QQQ,2022-09-26,270.621,269.972,275.007,269.174,72336685
QQQ,2022-09-27,273.356,270.078,275.716,267.748,70917346
QQQ,2022-09-28,270.058,275.451,276.739,268.568,80950258
QQQ,2022-09-29,271.437,267.51,271.82,264.53,82539561
QQQ,2022-09-30,266.683,262.973,270.776,262.818,79761432
QQQ,2022-10-03,264.756,269.145,270.747,263.241,62265946
QQQ,2022-10-04,274.516,277.606,278.315,274.516,67783914
QQQ,2022-10-05,273.817,277.458,279.258,271.004,56675161
QQQ,2022-10-06,276.456,275.274,279.624,274.95,54361146
QQQ,2022-10-07,270.611,264.785,270.738,263.447,72517566
QQQ,2022-10-10,264.982,262.138,265.376,259.411,61377235
QQQ,2022-10-11,260.456,258.539,263.338,256.843,67606649
QQQ,2022-10-12,259.178,258.45,261.105,257.751,51404501
QQQ,2022-10-13,251.068,264.51,265.837,250.182,114733942
QQQ,2022-10-14,266.851,256.559,267.451,255.968,78503179
QQQ,2022-10-17,262.56,265.03,265.907,262.463,65628877
QQQ,2022-10-18,272.096,267.127,272.766,264.43,70918240
QQQ,2022-10-19,265.601,266.152,269.291,263.77,53981045
QQQ,2022-10-20,265.258,264.795,270.433,263.622,61593205
QQQ,2022-10-21,263.682,271.004,271.542,262.545,79167220
QQQ,2022-10-24,271.27,273.986,274.92,267.608,65006005
QQQ,2022-10-25,274.93,279.654,280.036,273.445,59976273
QQQ,2022-10-26,273.995,273.475,279.426,272.981,64939618
QQQ,2022-10-27,272.35,268.497,273.816,267.972,58701641
QQQ,2022-10-28,267.865,276.71,277.181,267.698,63672362
QQQ,2022-10-31,274.447,273.494,275.274,271.563,48520019
QQQ,2022-11-01,276.981,270.699,277.546,270.334,46643878
QQQ,2022-11-02,270.671,261.42,273.748,261.35,81103721
QQQ,2022-11-03,258.79,256.313,260.258,255.928,71180351
QQQ,2022-11-04,261.272,260.436,262.335,254.926,79589510
QQQ,2022-11-07,261.488,263.3,263.84,259.342,48105243
QQQ,2022-11-08,264.824,265.218,268.477,261.262,64244002
QQQ,2022-11-09,263.467,259.099,264.253,258.81,65919209
QQQ,2022-11-10,271.582,278.216,278.51,269.459,100874314
QQQ,2022-11-11,278.029,283.344,284.012,276.681,68053050
QQQ,2022-11-14,281.277,280.864,284.578,279.878,55977706
QQQ,2022-11-15,287.523,284.75,288.558,281.385,75191137
QQQ,2022-11-16,282.782,280.864,284.842,280.036,49656089
QQQ,2022-11-17,276.376,280.243,281.727,276.218,56365960
QQQ,2022-11-18,283.274,280.253,283.374,277.793,54461983
QQQ,2022-11-21,278.856,277.369,280.016,276.533,40736782
QQQ,2022-11-22,278.107,281.365,281.522,275.964,42555870
QQQ,2022-11-23,281.385,284.188,284.818,281.207,47146000
QQQ,2022-11-25,282.585,282.319,283.294,281.828,15751386
QQQ,2022-11-28,280.331,278.176,282.358,277.242,39510637
QQQ,2022-11-29,278.404,276.069,278.806,274.694,36199371
QQQ,2022-11-30,276.338,288.656,288.765,275.479,75935794
QQQ,2022-12-01,288.98,289.009,291.008,286.215,52387416
QQQ,2022-12-02,283.913,287.86,288.745,283.736,54456435
QQQ,2022-12-05,285.724,283.027,287.003,281.561,42158169
QQQ,2022-12-06,282.869,277.163,283.007,275.761,54816645
QQQ,2022-12-07,275.974,276.031,278.038,274.309,46357645
QQQ,2022-12-08,277.389,279.298,280.273,275.303,43289097
QQQ,2022-12-09,278.276,277.517,281.059,277.075,48640486
QQQ,2022-12-12,277.696,281.0,281.059,276.651,36314863
QQQ,2022-12-13,291.892,284.022,292.115,281.326,81982344
QQQ,2022-12-14,283.431,281.916,286.736,278.648,66043506
QQQ,2022-12-15,277.802,272.449,278.471,271.25,61540990
QQQ,2022-12-16,271.77,269.853,273.316,268.238,69413465
QQQ,2022-12-19,270.122,266.06,270.211,264.817,44780466
QQQ,2022-12-20,264.886,265.853,267.608,263.299,51772386
QQQ,2022-12-21,266.899,269.71,271.021,266.051,47038122
QQQ,2022-12-22,266.681,263.11,266.814,258.864,61114352
QQQ,2022-12-23,261.838,263.702,264.372,259.926,39919639
QQQ,2022-12-27,263.09,259.974,263.2,259.431,38536135
QQQ,2022-12-28,259.57,256.542,261.838,256.176,47792794
QQQ,2022-12-29,259.361,262.796,263.746,258.66,46530045
QQQ,2022-12-30,260.013,262.637,262.766,258.7,38383317
QQQ,2023-01-03,264.976,260.862,266.46,258.547,42922455
QQQ,2023-01-04,262.992,262.105,263.791,258.939,48417152
QQQ,2023-01-05,260.429,258.0,260.596,257.687,46026332
QQQ,2023-01-06,259.749,265.122,266.248,256.777,55417791
QQQ,2023-01-09,267.126,266.839,271.524,266.228,46200648
QQQ,2023-01-10,265.803,269.099,269.207,265.292,35736599
QQQ,2023-01-11,270.172,273.753,273.862,269.383,44688321
QQQ,2023-01-12,274.315,275.233,276.269,269.997,61440388
QQQ,2023-01-13,272.718,277.126,277.372,272.381,45424288
QQQ,2023-01-17,276.93,277.69,278.982,275.757,36772747
QQQ,2023-01-18,279.236,274.079,280.796,273.872,48416836
QQQ,2023-01-19,272.441,271.387,273.58,270.142,44762739
QQQ,2023-01-20,273.002,278.813,279.148,271.94,61454230
QQQ,2023-01-23,279.663,285.007,286.24,278.863,53532164
QQQ,2023-01-24,283.382,284.425,285.589,282.857,45497500
QQQ,2023-01-25,279.888,283.795,284.416,277.333,51577544
QQQ,2023-01-26,287.238,289.328,289.505,284.573,52311902
QQQ,2023-01-27,288.006,292.207,294.179,287.889,57224708
QQQ,2023-01-30,288.922,286.3,290.353,285.925,50091021
QQQ,2023-01-31,286.339,290.589,290.689,286.23,47352839
QQQ,2023-02-01,290.382,296.805,299.28,288.302,68499164
QQQ,2023-02-02,303.361,307.457,309.389,302.535,84222699
QQQ,2023-02-03,300.769,301.992,308.118,300.374,77227184
QQQ,2023-02-06,299.358,299.438,301.726,298.087,41368218
QQQ,2023-02-07,299.31,305.641,306.777,298.186,68521274
QQQ,2023-02-08,304.319,300.206,305.267,299.517,57507497
QQQ,2023-02-09,304.615,297.553,304.763,296.095,49819289
QQQ,2023-02-10,295.384,295.599,297.446,293.184,50744227
QQQ,2023-02-13,297.01,300.335,300.926,295.827,40186424
QQQ,2023-02-14,298.748,302.554,303.511,296.795,64967742
QQQ,2023-02-15,300.73,304.872,305.04,300.04,44029572
QQQ,2023-02-16,300.216,299.151,304.212,299.002,60323791
QQQ,2023-02-17,296.95,297.04,297.8,294.023,59038306
QQQ,2023-02-21,293.194,290.008,294.644,289.87,47171967
QQQ,2023-02-22,290.589,290.226,292.307,288.559,52101932
QQQ,2023-02-23,293.895,292.76,294.053,288.549,70255458
QQQ,2023-02-24,287.769,287.859,288.962,286.082,75362836
QQQ,2023-02-27,291.034,289.918,292.434,289.328,49674500
QQQ,2023-02-28,289.288,289.545,292.074,288.952,48912204
QQQ,2023-03-01,289.248,287.218,289.908,286.23,59095329
QQQ,2023-03-02,284.712,289.593,290.402,284.425,54483834
QQQ,2023-03-03,291.35,295.579,295.817,290.837,61350748
QQQ,2023-03-06,296.825,295.916,299.841,295.718,57523145
QQQ,2023-03-07,295.966,292.287,296.892,291.676,66870468
QQQ,2023-03-08,292.71,293.746,294.347,290.846,51581846
QQQ,2023-03-09,294.249,288.657,296.863,287.839,72447693
QQQ,2023-03-10,288.824,284.603,290.323,283.449,99960913
QQQ,2023-03-13,282.807,286.713,290.442,281.289,98470569
QQQ,2023-03-14,290.285,293.303,293.856,289.436,74623307
QQQ,2023-03-15,290.679,294.841,295.177,289.23,84791385
QQQ,2023-03-16,293.924,302.614,302.979,293.125,99923666
QQQ,2023-03-17,302.525,301.183,304.92,299.221,91170846
QQQ,2023-03-20,300.562,302.253,302.578,298.339,57052749
QQQ,2023-03-21,304.199,306.569,307.022,302.671,50369092
QQQ,2023-03-22,306.499,302.4,311.418,302.233,76724204
QQQ,2023-03-23,306.156,305.987,310.333,303.279,75493314
QQQ,2023-03-24,305.561,307.112,307.211,303.221,57949964
QQQ,2023-03-27,307.813,305.008,308.901,304.149,50905975
QQQ,2023-03-28,304.426,303.387,304.455,301.071,49183555
QQQ,2023-03-29,307.102,308.92,309.543,306.281,53929574
QQQ,2023-03-30,311.408,311.845,312.477,309.008,59072610
QQQ,2023-03-31,312.071,317.029,317.268,311.766,62902436
QQQ,2023-04-03,314.897,316.258,316.527,313.564,47706530
QQQ,2023-04-04,316.706,315.193,317.72,313.964,46439681
QQQ,2023-04-05,314.235,312.08,315.183,310.254,63568134
QQQ,2023-04-06,310.423,314.186,314.681,309.019,47493599
QQQ,2023-04-10,311.242,314.008,314.057,309.443,45689922
QQQ,2023-04-11,313.969,311.991,314.028,311.478,40607017
QQQ,2023-04-12,313.959,309.237,314.551,308.767,63585950
QQQ,2023-04-13,311.005,315.292,315.765,309.819,55285577
QQQ,2023-04-14,313.73,314.7,316.467,311.776,56970543
QQQ,2023-04-17,314.285,314.965,315.322,312.2,43536037
QQQ,2023-04-18,317.089,314.985,317.514,313.779,47321958
QQQ,2023-04-19,312.565,314.837,315.904,312.437,39439362
QQQ,2023-04-20,311.854,312.437,315.392,311.144,63230467
QQQ,2023-04-21,312.071,312.762,313.544,310.283,59728051
QQQ,2023-04-24,312.536,312.11,313.878,309.926,44584821
QQQ,2023-04-25,310.472,306.223,311.144,306.126,57824277
QQQ,2023-04-26,309.632,308.081,311.11,307.559,56081958
QQQ,2023-04-27,311.864,316.457,316.961,311.222,66235228
QQQ,2023-04-28,316.22,318.642,318.729,315.083,60447139
QQQ,2023-05-01,318.176,318.274,319.696,317.189,41517877
QQQ,2023-05-02,318.205,315.5,318.532,313.75,57214632
QQQ,2023-05-03,315.864,313.434,318.552,313.326,60618658
QQQ,2023-05-04,313.208,312.328,314.362,311.286,50842314
QQQ,2023-05-05,314.601,318.966,319.826,312.369,52443347
QQQ,2023-05-08,318.502,319.756,320.103,317.412,36914349
QQQ,2023-05-09,318.089,317.73,318.956,317.417,32159577
QQQ,2023-05-10,320.183,321.189,322.048,317.692,61190156
QQQ,2023-05-11,321.743,322.237,322.779,320.183,44823203
QQQ,2023-05-12,322.769,321.081,323.194,319.015,49028591
QQQ,2023-05-15,321.556,322.819,323.057,320.023,33786100
QQQ,2023-05-16,322.098,323.184,324.907,322.058,40511412
QQQ,2023-05-17,324.252,327.096,327.68,323.066,48070234
QQQ,2023-05-18,327.491,333.17,333.389,327.472,65003333
QQQ,2023-05-19,333.389,332.421,334.096,331.354,62312092
QQQ,2023-05-22,332.164,333.539,334.556,332.154,43545072
QQQ,2023-05-23,331.808,329.309,332.966,328.954,48809759
QQQ,2023-05-24,327.344,327.621,328.86,325.557,63664771
QQQ,2023-05-25,335.019,335.592,336.866,332.573,67685229
QQQ,2023-05-26,336.62,344.167,345.003,336.521,63781979
QQQ,2023-05-30,348.425,345.728,349.63,344.296,73545825
QQQ,2023-05-31,344.137,343.762,346.34,342.299,65906217
QQQ,2023-06-01,343.505,347.733,349.066,342.448,51109644
QQQ,2023-06-02,349.5,350.34,351.507,347.733,54028625
QQQ,2023-06-05,350.124,350.587,353.151,349.55,47847633
QQQ,2023-06-06,349.976,350.527,351.497,348.642,41899529
QQQ,2023-06-07,350.816,344.58,352.781,343.949,70077460
QQQ,2023-06-08,344.878,348.859,349.324,344.65,47733946
QQQ,2023-06-09,350.321,350.192,353.314,348.741,53851284
QQQ,2023-06-12,351.862,356.109,356.209,350.884,45368932
QQQ,2023-06-13,358.875,358.845,359.685,355.656,57800144
QQQ,2023-06-14,358.855,361.454,361.74,356.039,70380853
QQQ,2023-06-15,360.179,365.762,367.253,359.556,72013877
QQQ,2023-06-16,368.191,363.458,368.319,363.015,81927487
QQQ,2023-06-20,361.998,362.939,364.345,359.961,49741748
QQQ,2023-06-21,361.792,357.991,362.227,357.064,53960832
QQQ,2023-06-22,356.736,362.217,362.376,356.332,48122588
QQQ,2023-06-23,358.3,358.626,360.939,356.929,49456861
QQQ,2023-06-26,359.339,353.818,360.9,353.73,53260493
QQQ,2023-06-27,355.371,359.904,360.634,354.639,49967555
QQQ,2023-06-28,358.071,360.605,362.564,357.995,47005516
QQQ,2023-06-29,360.307,359.884,360.949,358.23,46654664
QQQ,2023-06-30,363.582,365.43,366.489,363.265,59353296
QQQ,2023-07-03,366.075,366.293,366.925,364.987,19644954
QQQ,2023-07-05,364.714,366.283,367.993,364.679,34836993
QQQ,2023-07-06,362.554,363.492,363.937,360.585,49913609
QQQ,2023-07-07,363.265,362.286,366.48,362.058,47648172
QQQ,2023-07-10,362.008,362.405,363.088,359.485,49028121
QQQ,2023-07-11,362.83,364.195,364.652,360.684,38631219
QQQ,2023-07-12,368.32,368.796,370.149,366.303,62377137
QQQ,2023-07-13,371.99,375.057,375.887,371.406,47472539
QQQ,2023-07-14,375.487,374.979,378.727,374.097,55750397
QQQ,2023-07-17,375.701,378.479,379.359,375.214,41314963
QQQ,2023-07-18,377.836,381.575,382.95,375.897,55947462
QQQ,2023-07-19,382.644,381.485,383.791,380.15,54683335
QQQ,2023-07-20,378.479,372.692,379.949,371.663,72726854
QQQ,2023-07-21,375.087,371.573,375.818,371.141,61159943
QQQ,2023-07-24,372.555,372.167,373.504,370.298,40820768
QQQ,2023-07-25,372.88,374.69,376.361,372.861,39318882
QQQ,2023-07-26,373.642,373.444,375.145,371.13,47589499
QQQ,2023-07-27,378.933,372.555,380.557,371.26,64638076
QQQ,2023-07-28,376.63,379.34,380.369,376.115,57523971
QQQ,2023-07-31,379.647,379.537,380.724,378.212,44500343
QQQ,2023-08-01,378.183,378.658,379.419,376.58,41759302
QQQ,2023-08-02,375.165,370.348,375.165,369.102,73480422
QQQ,2023-08-03,367.924,369.755,371.892,367.756,48377680
QQQ,2023-08-04,371.693,368.023,374.017,367.519,62376190
QQQ,2023-08-07,369.845,371.14,371.24,367.499,37636781
QQQ,2023-08-08,368.617,367.983,368.636,364.838,45214602
QQQ,2023-08-09,368.271,363.937,368.428,363.177,51709167
QQQ,2023-08-10,366.964,364.61,370.318,363.073,72821466
QQQ,2023-08-11,362.038,362.286,364.026,360.753,49238783
QQQ,2023-08-14,361.484,366.352,366.47,360.763,42590622
QQQ,2023-08-15,365.373,362.464,366.172,361.792,46036918
QQQ,2023-08-16,361.92,358.626,363.462,358.528,53771052
QQQ,2023-08-17,360.031,354.708,360.377,354.294,63287609
QQQ,2023-08-18,351.425,354.264,355.53,350.881,61859239
QQQ,2023-08-21,355.738,359.971,360.654,355.271,51249825
QQQ,2023-08-22,362.592,359.455,362.602,358.764,45100426
QQQ,2023-08-23,360.644,365.125,366.223,360.427,52335633
QQQ,2023-08-24,368.617,357.319,368.716,357.114,67572018
QQQ,2023-08-25,358.161,360.09,361.792,354.708,70724021
QQQ,2023-08-28,363.028,362.8,363.741,360.317,41356515
QQQ,2023-08-29,362.602,370.724,371.08,362.277,59130763
QQQ,2023-08-30,370.832,372.792,373.371,369.825,42186973
QQQ,2023-08-31,372.871,373.908,375.621,372.802,36120670
QQQ,2023-09-01,376.295,373.514,376.718,372.019,40235571
QQQ,2023-09-05,372.702,373.988,375.213,371.773,32697230
QQQ,2023-09-06,373.208,370.695,373.554,368.676,43468028
QQQ,2023-09-07,366.213,368.043,368.826,365.165,52628912
QQQ,2023-09-08,367.993,368.558,370.802,367.588,36238601
QQQ,2023-09-11,371.603,372.9,373.414,369.625,40372507
QQQ,2023-09-12,371.22,368.766,372.881,368.478,41842770
QQQ,2023-09-13,369.002,370.169,371.783,367.866,46806008
QQQ,2023-09-14,371.932,373.198,374.187,369.855,48563695
QQQ,2023-09-15,371.853,366.807,372.256,365.867,70573133
QQQ,2023-09-18,365.861,367.189,368.308,365.574,37252434
QQQ,2023-09-19,365.861,366.406,367.21,363.364,37977413
QQQ,2023-09-20,367.476,361.126,367.833,361.046,45944484
QQQ,2023-09-21,357.421,354.508,358.213,354.341,70394124
QQQ,2023-09-22,356.263,354.557,358.412,354.241,52077422
QQQ,2023-09-25,353.587,356.243,356.332,352.596,39538282
QQQ,2023-09-26,353.647,350.893,354.191,349.902,54165033
QQQ,2023-09-27,352.051,351.715,353.637,348.069,56596024
QQQ,2023-09-28,350.794,354.656,356.797,349.932,56987026
QQQ,2023-09-29,358.154,354.915,359.55,353.677,65442520
QQQ,2023-10-02,355.182,357.878,359.284,354.567,52113121
QQQ,2023-10-03,355.42,351.595,357.629,349.967,61050257
QQQ,2023-10-04,352.439,356.382,357.232,351.972,55304644
QQQ,2023-10-05,356.372,355.33,356.777,351.815,46331307
QQQ,2023-10-06,352.319,361.285,362.483,351.527,75758639
QQQ,2023-10-09,358.907,363.128,363.672,357.401,45733081
QQQ,2023-10-10,363.463,365.138,367.803,362.958,47412853
QQQ,2023-10-11,366.475,367.743,367.933,364.741,38576376
QQQ,2023-10-12,368.249,366.465,370.239,364.057,50056750
QQQ,2023-10-13,367.099,361.86,367.683,360.452,53016403
QQQ,2023-10-16,363.187,365.949,367.01,363.038,44618939
QQQ,2023-10-17,362.385,364.751,366.455,360.253,51481251
QQQ,2023-10-18,362.245,359.967,364.464,358.63,54793662
QQQ,2023-10-19,361.394,356.597,362.591,355.797,72957524
QQQ,2023-10-20,356.093,351.279,356.667,351.051,73245708
QQQ,2023-10-23,349.952,352.339,355.894,347.832,61238718
QQQ,2023-10-24,354.161,355.767,356.539,352.459,47527196
QQQ,2023-10-25,353.36,347.059,353.537,346.476,71863577
QQQ,2023-10-26,345.851,340.442,346.791,339.143,79364718
QQQ,2023-10-27,343.184,342.076,345.573,340.858,64076821
QQQ,2023-10-30,344.571,345.929,347.257,343.204,55821333
QQQ,2023-10-31,345.959,347.583,347.961,343.374,48122600
QQQ,2023-11-01,348.427,353.617,354.181,348.327,59550387
QQQ,2023-11-02,358.154,360.037,360.273,356.927,58712314
QQQ,2023-11-03,361.334,364.267,365.564,361.106,53784175
QQQ,2023-11-06,365.04,365.753,366.318,363.473,39216022
QQQ,2023-11-07,366.803,369.21,370.081,365.589,51257451
QQQ,2023-11-08,369.585,369.447,370.289,367.149,36000537
QQQ,2023-11-09,370.139,366.604,371.292,366.109,54368612
QQQ,2023-11-10,368.338,374.846,374.996,367.803,58920259
QQQ,2023-11-13,373.261,373.677,374.737,371.726,41118603
QQQ,2023-11-14,380.116,381.722,382.643,379.591,68433551
QQQ,2023-11-15,383.623,382.008,384.119,380.638,54653242
QQQ,2023-11-16,381.237,382.335,382.574,379.969,45772225
QQQ,2023-11-17,381.602,382.425,383.444,380.691,47063520
QQQ,2023-11-20,382.435,387.08,387.745,382.435,44957722
QQQ,2023-11-21,385.367,384.832,385.586,383.079,43746700
QQQ,2023-11-22,386.912,386.406,389.389,385.396,44596240
QQQ,2023-11-24,386.001,385.861,386.595,384.862,15867439
QQQ,2023-11-27,385.367,385.526,387.486,384.644,34462415
QQQ,2023-11-28,384.772,386.535,387.12,384.415,35826659
QQQ,2023-11-29,389.012,386.16,390.449,385.811,39178674
QQQ,2023-11-30,386.426,385.188,386.892,382.206,53333881
QQQ,2023-12-01,384.119,386.288,386.882,382.458,40872864
QQQ,2023-12-04,382.475,382.702,382.974,379.076,51670869
QQQ,2023-12-05,380.789,383.663,384.862,380.613,43338847
QQQ,2023-12-06,386.615,381.442,386.715,381.098,42391087
QQQ,2023-12-07,384.435,386.773,387.606,383.336,50062406
QQQ,2023-12-08,385.029,388.497,388.942,384.842,47128912
QQQ,2023-12-11,388.072,391.816,392.083,387.863,41587510
QQQ,2023-12-12,391.855,394.935,395.055,390.717,39591952
QQQ,2023-12-13,395.877,399.958,400.573,395.105,55931962
QQQ,2023-12-14,401.187,399.612,402.495,396.591,55972016
QQQ,2023-12-15,400.395,401.543,402.732,399.791,63491275
QQQ,2023-12-18,401.94,404.074,404.976,401.611,46956819
QQQ,2023-12-19,404.53,406.138,406.256,404.336,35977594
QQQ,2023-12-20,405.334,400.103,407.438,399.924,54444583
QQQ,2023-12-21,404.054,404.759,405.126,401.482,45908001
QQQ,2023-12-22,405.979,405.364,406.941,403.477,34569340
QQQ,2023-12-26,406.226,407.845,408.52,406.128,22891628
QQQ,2023-12-27,407.915,408.46,408.746,407.051,32218454
QQQ,2023-12-28,409.622,408.262,409.869,407.905,27230281
QQQ,2023-12-29,408.242,406.495,408.599,404.569,42979577
